word,syllabls_count
BDS,3
Be,1
CNN,3
FBI,3
OECD,4
UNHCR,2
אבטחה,3
אבטלה,3
אביב,2
אבל,2
אגב,2
אגיד,2
אדיר,2
אדישות,3
אדלשטיין,3
אדם,2
אדמה,3
אדמות,3
אדמת,2
אהוד,2
אהרן,3
או,1
אובר,2
אוהב,2
אוטובוס,3
אוטומטי,4
אוטיסט,2
אוכל,2
אולי,2
אולמרט,2
אומר,2
אומרות,2
אומרים,2
אומרת,3
אוניברסיטת,5
אונסקו,3
אונרא,2
אוסלו,2
אופנועים,3
אופציה,2
אוצר,2
אוקראינים,4
אושר,2
אושרה,2
אותה,2
אותו,2
אותי,2
אותך,2
אותם,2
אותן,2
אותנו,3
אז,1
אזור,2
אזוריות,3
אזרח,2
אזרחי,3
אזרחיות,4
אזרחיים,4
אזרחים,3
אחד,2
אחוז,2
אחוזי,3
אחוזים,3
אחיות,3
אחכ,3
אחמד,2
אחר,2
אחראית,3
אחרות,3
אחרי,3
אחרים,3
אחרת,3
אחת,2
אטומית,3
אי,1
אידאולוגי,5
איזה,2
איזו,2
איזשהו,4
איחוד,2
איטליה,3
איילת,3
איך,1
אילן,2
אימץ,2
אין,1
אינו,2
אינטרסנט,4
איננה,3
איננו,3
אינני,3
איסור,2
איפאק,2
איפה,2
איראן,2
אירוויזיונים,5
אירוע,3
אירופה,3
אירן,2
אירעו,2
איש,1
אישום,2
אישי,2
אישית,2
אישר,2
אישרה,2
אישרנו,3
איתן,2
אך,1
אכיפה,3
אכלוס,2
אכן,2
אכפת,2
אל,1
אלא,2
אלה,2
אלו,2
אלי,2
אליהם,3
אליו,2
אליך,2
אלכוהול,3
אלמנט,3
אלף,2
אלפי,2
אלפיים,3
אלפים,3
אלקטרוניקה,5
אם,1
אמון,2
אמוניה,3
אמונים,3
אמור,2
אמיתי,3
אמנת,3
אמסלם,3
אמר,2
אמרו,2
אמרנו,3
אמרתי,3
אנחנו,3
אנטישמי,4
אנטישמיות,5
אני,1
אנכרוניסטי,5
אנסים,3
אנשי,2
אנשים,3
אסור,2
אסותא,3
אסירים,3
אף,1
אפילו,3
אפנה,2
אפס,2
אפסית,2
אפריקאיות,4
אפריקה,3
אפשר,2
אפשרה,3
אצל,2
אצלה,2
אצלי,2
אצלנו,3
ארבע,2
ארבעה,3
ארגון,2
ארגוני,3
ארהב,2
ארוכה,3
ארוכות,3
ארוכים,3
אריתריאה,4
ארצות,2
אשדוד,2
אשליה,3
אשפוז,2
את,1
אתה,2
אתיופיה,3
אתם,2
אתמול,2
אתר,2
אתרי,3
בא,1
באבטלה,4
באו,2
באום,2
באוסטריה,4
באופן,3
באופק,3
באופקים,4
באוצר,3
באוקטובר,4
באותם,3
באחוז,3
באחריות,4
באיזושהי,5
באיטליה,4
באים,2
באין,2
באיפאק,3
באירופה,4
באמצע,3
באמת,3
בארבע,3
בארהב,3
בארץ,3
בארצות,3
באשדוד,3
באתרים,4
בבגץ,3
בבוקר,3
בבחירות,3
בביהמש,5
בבירור,3
בבית,3
בביתנו,4
בבלרוס,4
בבנייה,3
בבתי,3
בג,1
בגבול,2
בגבעת,3
בגברים,3
בגדה,3
בגז,2
בגיל,2
בגילאי,4
בגינה,3
בגלל,2
בגץ,2
בגצ,2
בגרמניה,4
בדבר,2
בדברים,3
בדה,2
בדור,2
בדיונים,4
בדיוק,3
בדצמבר,4
בדקו,2
בדרום,3
בדרך,3
בדרכים,3
בה,1
בהאג,2
בהדסה,4
בהובלת,4
בהודו,3
בהוכחת,4
בהונגריה,4
בהחלטה,4
בהחלטות,4
בהחלטת,4
בהיסטוריה,4
בהיקף,3
בהם,2
בהן,2
בהנחייתו,5
בהסכם,3
בהסכמות,4
בהצבעה,4
בהצלחה,4
בהצעה,4
בהקשר,3
בהרבה,3
בהריסת,4
בהשוואה,4
בהתקפות,4
בו,1
בוא,1
בואו,2
בודד,2
בודקים,2
בוודאות,4
בוודאי,3
בוועדה,4
בוועדת,4
בוושינגטון,4
בוז,1
בוחרים,3
בוילה,3
בונות,2
בוצעה,2
בוצעו,2
בור,1
בזה,2
בזהותן,4
בזיהום,3
בזכויות,3
בזכות,2
בזמן,2
בזמנו,3
בזמני,3
בחברה,3
בחברון,3
בחברות,4
בחוב,2
בחודש,3
בחוות,3
בחול,2
בחומר,3
בחופש,3
בחוק,2
בחוקי,3
בחזרה,4
בחייו,3
בחינוך,3
בחירות,3
בחירת,3
בחלוקת,4
בחנויות,4
בחסות,3
בחקיקה,4
בחקירות,4
בחקלאות,4
בחרו,3
בחריין,2
בחשבון,3
בטווח,2
בטוח,3
בטח,2
בטענות,4
ביבי,2
ביבס,2
ביהד,3
ביהודה,4
ביהמש,4
ביולי,3
ביום,2
ביותר,3
ביחד,3
ביטוח,3
ביטחון,3
ביטחוניים,4
ביטל,2
ביטלה,2
ביטלנו,3
ביטן,2
ביישובים,4
בילוי,2
בימי,2
בין,1
בינלאומיים,5
ביעד,3
ביעדים,3
ביצע,2
ביקורת,3
ביקש,2
ביקשו,2
בירושלים,5
בירידה,4
בירידת,4
בירת,2
בישיבת,3
בישראל,4
בית,2
ביתנו,3
בכ,1
בכבישים,3
בכדי,2
בכותל,3
בכחמישה,5
בכיס,2
בכיר,2
בכיתה,3
בכל,2
בכלא,3
בכלל,2
בכמות,3
בכנס,3
בכנסת,3
בכסף,3
בכפייה,3
בכפר,2
בלב,2
בלבד,2
בלד,2
בלהגיע,5
בלהט,3
בלי,1
בלימודי,4
בלמעלה,3
בלתי,2
במאי,2
במאמצי,5
במבחני,4
במגזר,3
במגמת,4
במדד,3
במדינה,3
במדינות,3
במדינת,3
במה,2
במהותו,4
במהלך,4
במומנטום,4
במוסד,3
במוסדות,4
במועצות,4
במזרח,3
במחסור,3
במייצגים,4
במינוי,3
במכונים,3
במכללות,4
במכרז,3
במלונות,4
במלחמה,4
בממוצע,4
בממשלה,4
במסגרות,4
במסגרת,4
במסגרתו,4
במספר,3
במספרים,4
במעצרים,5
במערב,4
במערכת,5
במעשה,3
במעשי,4
במפה,3
במפורש,3
במפעל,3
במצבים,4
במצרים,4
במקביל,3
במקום,2
במקומות,3
במקצת,3
במרץ,3
במשבר,3
במשטר,3
במשטרת,4
במשך,3
במשכורת,4
במשפחה,4
במשק,3
במשרד,3
במתמטיקה,5
בן,1
בנה,1
בנו,1
בנוחות,3
בנוסח,3
בנושא,3
בנושאים,3
בנטל,3
בני,1
בניגוד,3
בניהולם,4
בניו,2
בנייה,2
בניינים,3
בנימין,3
בניקיון,4
בנסיבות,3
בנפרד,3
בנקודת,3
בנשיאותו,5
בנתבג,3
בנתה,2
בסדרי,3
בסוף,2
בסופו,3
בסטטיסטיקה,5
בסיוע,3
בסיס,2
בסיעוד,3
בסך,2
בסכין,3
בסל,2
בסמים,3
בסמכותה,4
בסמכותו,4
בסרבנות,4
בעבודה,4
בעבירות,4
בעבר,3
בעברית,3
בעד,2
בעוד,2
בעולם,3
בעזה,3
בעיה,3
בעיני,3
בעיניהם,4
בעיניו,3
בעיצומה,4
בעיקר,3
בעיר,2
בעלות,3
בעמדות,3
בעניין,3
בעניינו,4
בעצם,2
בעצמו,3
בעצרת,4
בעקבות,3
בערבית,4
בערך,3
בעשור,3
בעשרות,3
בעשרים,3
בפולין,3
בפועל,3
בפיו,2
בפיקוח,4
בפני,2
בפסק,2
בפעימה,4
בפעם,3
בפריז,3
בפרקליטות,4
בפרשיות,4
בפרשיית,4
בפרשת,4
בפתיחת,3
בפתרון,4
בצ,1
בצבא,3
בצד,2
בצהל,3
בצורה,3
בצמיחה,3
בצפון,3
בצרכים,3
בצרפת,3
בקבינט,4
בקדנציה,4
בקואליציה,5
בקופות,3
בקטאר,3
בקניונים,4
בקרב,3
בקריאה,3
בקרית,3
בקשה,3
בקשות,3
בקשרים,3
בר,1
בראש,2
בראשה,3
בראשות,3
בראשית,3
ברב,2
ברבעון,3
ברגבים,4
ברגע,3
ברוב,2
ברובו,3
ברובם,3
ברופאים,3
ברור,2
ברורה,2
ברזולוציות,5
ברח,2
ברחובות,3
בריאות,2
ברישום,3
ברכבים,4
ברמאללה,4
ברמות,3
ברמת,2
ברצועת,4
ברצינות,3
ברק,2
ברשות,3
ברשימה,3
ברשימות,3
בשבוע,4
בשבועות,4
בשבילו,3
בשבעים,3
בשבת,3
בשדרות,3
בשווי,3
בשוחד,3
בשום,2
בשונה,3
בשורה,3
בשטח,3
בשטחי,3
בשטחן,3
בשטרסבורג,3
בשיא,2
בשידור,3
בשימוע,4
בשיעור,3
בשל,2
בשלב,2
בשלבי,3
בשלוש,2
בשלושים,3
בשם,2
בשמאל,2
בשנה,3
בשני,2
בשנים,2
בשנת,2
בשנתיים,3
בשקיפות,3
בשתי,2
בתבחיני,4
בתוך,2
בתולדות,3
בתום,2
בתוצר,3
בתור,2
בתחבורה,4
בתחום,2
בתחילת,3
בתחתית,3
בתי,2
בתיהם,3
בתים,2
בתיק,2
בתכנית,3
בתל,2
בתפקידו,4
בתקופות,3
בתקופת,3
בתקופתו,4
בתקציב,3
בתקציבי,4
בתקציבים,4
בתקשורת,4
בתשלום,3
גאים,2
גבו,2
גבוה,3
גבוהה,2
גברים,2
גדול,2
גדולה,2
גדולות,2
גדולים,2
גדל,2
גדלות,2
גדלים,2
גדר,2
גו,1
גוגל,2
גודל,2
גוף,1
גורם,2
גורמים,2
גורף,2
גושי,2
גז,1
גיא,1
גיוס,2
גיור,2
גיל,1
גילון,2
גימיק,2
גינוי,2
גירוש,2
גירעון,3
גירעונות,3
גירשנו,3
גירשתי,3
גם,1
גני,2
גנץ,1
גפני,2
גרוע,3
גרזן,2
גרים,2
גרמה,2
גת,1
דאגה,3
דאז,2
דבר,2
דגל,2
דה,1
דואג,2
דובר,2
דוגמה,2
דוד,2
דודי,2
דווקא,2
דוח,2
דוחף,2
דולר,2
דומה,2
דחה,2
דחף,2
די,1
דיבר,2
דיברו,2
דיברנו,3
דיברתי,3
דיווח,3
דיון,2
דיוק,2
דיור,2
דין,1
דינו,2
דיפלומטיים,4
דיפלומטים,4
דירה,2
דירות,2
דמוקרטי,3
דמוקרטיות,4
דמוקרטים,4
דמוקרטית,4
דן,1
דנמרק,3
דעות,2
דעת,2
דעתי,3
דעתם,3
דקות,2
דרום,2
דרך,2
דרכה,2
דרכים,2
דרמה,2
דרמטי,3
דרעי,2
דת,1
דתי,2
האבטלה,4
האבל,3
האדם,3
האדמה,4
האובייקטיבי,5
האוויר,3
האווירית,4
האוכלוסיה,5
האום,2
האוניברסיטאות,7
האופי,3
האופניים,5
האוצר,3
האזוריות,5
האזורים,4
האזרח,3
האזרחית,4
האחרון,4
האחרונה,4
האחרונות,4
האחרונים,4
האחרים,4
האיוולת,4
האיזון,3
האיחוד,3
האימהות,4
האינטרס,4
האינתיפאדה,5
האירוויזיון,5
האירופאי,5
האירופי,4
האיש,2
האישה,3
האכיפה,4
האלה,3
האם,2
האמהות,4
האמידים,4
האמנה,4
האמנון,3
האמריקאי,6
האמריקאית,6
האמת,3
האנטישמיים,5
האנשים,4
האפרטהייד,4
האפשרות,4
האצבע,3
האקטיביזם,5
הארגון,3
הארגונים,4
הארכיונים,5
הארץ,3
הארצי,3
האתיקה,4
הבאה,3
הבאנו,3
הבאתם,3
הבגץ,3
הבהיר,2
הבודדות,4
הבוקר,3
הבחירות,3
הבטחת,3
הבטיחות,4
הביא,2
הביטוח,4
הביטחון,4
הביטחוני,4
הביטחוניים,5
הבייבי,3
הבינלאומי,5
הבינלאומיים,6
הבינלאומית,5
הביקורת,4
הביקוש,3
הבית,3
הביתה,3
הבכירים,3
הבלעדיות,5
הבלתי,3
הבניה,3
הבנייה,3
הבעיה,4
הבעלות,4
הבקשה,4
הבריאות,3
הברית,2
הבתים,3
הג,1
הגבול,2
הגבירה,3
הגדה,3
הגדול,3
הגדולה,3
הגדיל,2
הגדלתי,3
הגולן,3
הגז,2
הגיוני,3
הגיוס,3
הגיור,3
הגיע,3
הגיעו,3
הגירוש,3
הגירעון,4
הגיש,2
הגלובלי,4
הגלובליזם,5
הגמלאים,4
הגענו,3
הגעתי,3
הגרעין,3
הגשר,3
הגשת,3
הגשתי,3
הדביק,2
הדבר,3
הדברים,3
הדגל,3
הדו,2
הדיון,3
הדיונים,4
הדיור,3
הדין,2
הדירות,3
הדליפה,3
הדלק,3
הדס,2
הדעת,3
הדתי,3
הדתית,3
ההבטחות,4
ההדלפות,4
ההוכחה,4
ההוצאה,4
ההוצאות,4
ההורים,3
ההחלטה,4
ההחלטות,4
ההטבה,4
ההיצע,3
ההכנסות,4
ההלכה,4
ההמלצה,4
ההמלצות,4
ההנחיות,4
ההסדרה,4
ההסכמים,4
ההסתדרות,4
ההפגנות,4
ההצעת,4
ההרוגים,4
ההשוואה,4
ההשעיה,4
ההשקעה,4
ההתגברות,4
ההתייקרות,4
ההתיישבות,4
הוא,1
הואשם,3
הוביל,2
הובילה,3
הוגשו,2
הודו,2
הודח,2
הודיע,3
הוויקיפדיה,5
הוועדה,4
הוזלה,2
הוזמנו,3
הוכחה,3
הוכחתם,3
הוכיח,3
הולך,2
הולכים,2
הולנד,2
הומניטארי,5
הומצא,2
הוסכם,2
הוספתי,3
הועבר,3
הופכת,3
הופרך,2
הוצאנו,3
הוציא,2
הוקם,2
הוקמה,2
הורג,2
הורדנו,3
הורידה,3
הוריות,3
הושבעת,3
הושגה,2
הזאת,2
הזאתי,3
הזדמנות,3
הזה,2
הזו,2
הזכאים,4
הזכויות,3
הזמינו,3
הזמן,2
הזמני,3
הזמנים,2
הזעקה,4
הזקנה,3
הזרים,3
החברות,4
החד,2
החדש,3
החדשות,4
החדשים,4
החודשים,4
החולים,3
החומוס,3
החומרים,4
החוץ,2
החוק,2
החזיקו,3
החזרנו,3
החיים,3
החילוני,4
החינוך,3
החישובים,4
החל,2
החלטה,3
החלטות,3
החליט,2
החלת,3
החמאס,3
החמאסניקים,5
החמיץ,2
החמישי,4
החנויות,4
החקיקה,4
החקירה,4
החקלאות,4
החרדי,4
החרדיות,5
החרדים,4
החשב,3
החשוד,3
החשמל,3
החשמליים,5
הטבות,3
הטבעי,3
הטיה,3
הטיימס,2
הטיפול,3
הטירוף,3
הטענות,4
היא,2
הידיים,4
הידע,3
היה,2
היהודי,4
היהודית,4
היו,2
היום,2
היועמש,4
היועץ,3
היוצאים,3
היותר,3
היחיד,3
היחידה,4
היחידי,4
היחידים,4
היחסים,4
היינו,3
הייעוץ,3
היית,2
הייתה,2
הייתי,3
היכולת,4
הילד,3
הילדים,4
הים,2
הימים,3
הימין,3
היסוד,3
היסטורי,3
היסטוריה,3
היסטורית,3
היסע,2
היציאה,4
היקף,2
היקפי,3
היקר,3
הירוק,3
הישג,2
הישיבות,4
הישראלי,5
היתה,2
היתר,2
היתרים,3
הכהונה,4
הכותל,3
הכי,2
הכיר,2
הכל,2
הכלכלה,4
הכלכלי,4
הכלכלית,4
הכלל,2
הכללי,3
הכללים,3
הכללית,3
הכניסה,3
הכניסו,3
הכנס,3
הכנסה,3
הכנסות,3
הכנסת,3
הכנרת,4
הכספים,3
הכפלנו,3
הכריז,2
הכריזה,3
הכתבה,4
הלא,2
הלאה,2
הלאום,3
הלאומי,4
הלאומים,4
הלאומית,4
הלבשה,3
הלהטבית,5
הליך,2
הליכוד,3
הלימודים,4
הלך,2
הלכה,2
הלכו,2
הללו,3
הלמס,3
הלשכה,3
הם,1
המאה,3
המאוחדת,5
המאזינים,5
המבצע,3
המבקר,4
המגבלות,4
המגויסים,5
המגזר,3
המדד,3
המדינה,4
המדינות,3
המדיני,4
המדיניות,4
המדרג,3
המהלך,4
המוות,3
המוחלט,3
המון,2
המונופול,4
המונים,3
המוניציפלי,6
המוניציפליות,6
המוסמך,3
המועמדים,5
המועצה,4
המועצות,4
המזון,3
המחבלים,4
המחוזי,4
המחוקק,4
המחיר,3
המחירים,4
המחקר,3
המטוס,3
המטענים,4
המטרה,4
המידע,3
המיוחד,4
המים,2
המינויים,4
המינימום,4
המינימליים,5
המכון,3
המכפלה,4
המלא,3
המלאכה,5
המלג,3
המלחמה,4
המלט,3
המלצה,3
המלצות,3
המלצת,3
הממונה,4
הממוצע,4
הממשלה,4
הממשלות,4
הממשלתי,4
הממשלתיות,5
המנדט,3
המסים,3
המספר,3
המספרים,4
המסקנה,4
המסתננים,5
המעבר,4
המעורבת,5
המעטפות,5
המערב,4
המערבי,5
המערבית,5
המפותחות,5
המפלגה,4
המפלגות,4
המפתח,4
המצב,3
המקומיות,5
המקומית,4
המקרים,3
המקרקעין,5
המרכולים,4
המשותף,4
המשותפת,5
המשטרה,4
המשטרתיים,5
המשימה,4
המשמעותי,5
המשפחה,4
המשפט,3
המשפטי,4
המשפטים,4
המשפטנים,5
המשק,3
המשרד,3
הן,1
הנאמנות,5
הנבחר,3
הנגבי,3
הנה,2
הנוכחית,4
הנוספות,3
הנוצרים,3
הנושא,3
הנותרים,3
הנחה,3
הנחיות,3
הנחיית,3
הניב,2
הניהול,3
הנישואין,4
הנכבד,3
הנכבה,3
הנמוך,3
הנמוכה,4
הנמוכות,4
הנעלה,3
הנפרדים,4
הנשיא,3
הנשק,3
הנתון,3
הנתונים,4
הסברים,3
הסגולה,3
הסגן,2
הסגנים,3
הסדר,2
הסוכנות,3
הסטטוס,3
הסיגריות,4
הסיוע,4
הסינים,3
הסיעוד,3
הסיעות,3
הסיפור,3
הסכם,2
הסכמה,3
הסכמי,3
הסמכות,3
הסנקציות,3
הסעיף,3
הספיק,2
הסקודה,3
הסקרים,3
הסרט,3
הסרק,2
הסתייגות,3
העבודה,4
העבודות,4
העביר,3
העבירה,4
העברנו,4
העברתי,4
העגומה,4
העדפה,4
העובדה,3
העובדים,3
העולם,3
העולמי,4
העוני,3
העידו,3
העיסוק,3
העיר,2
העירה,3
העירייה,4
העיתונאים,5
העלאה,4
העלאת,4
העלה,3
העליון,3
העלייה,4
העלנו,4
העם,2
העמדה,3
העמותות,4
העניין,3
העצמאות,4
העקירה,4
העקרונות,4
הערבי,4
הערביות,5
הערביים,4
הערבית,4
הערים,3
הערכות,4
העשורים,4
העשרים,3
העתירה,4
העתקה,4
הפגנה,3
הפגנות,3
הפוך,2
הפוליטיים,5
הפוליטית,4
הפונדקאות,5
הפחם,3
הפטור,2
הפיתוח,4
הפכה,2
הפליטים,3
הפלילי,3
הפליליות,4
הפלסטינים,5
הפלסטינית,5
הפניות,3
הפנים,3
הפנימי,3
הפנמה,3
הפסדים,3
הפסדנו,3
הפסידו,3
הפעלת,3
הפעם,3
הפצועים,3
הפקולטה,4
הפרדה,3
הפרוטוקול,4
הפרופ,4
הפרטה,3
הפרטיים,4
הפרלמנט,4
הפרקליטות,4
הפרת,3
הפתרון,4
הצ,1
הצביעה,3
הצביעו,3
הצבנו,3
הצבעה,3
הצבעתי,3
הצוללות,4
הצורך,3
הצטרפו,3
הציבור,3
הציבורי,4
הציבוריים,5
הציבורית,4
הציג,2
הציונות,4
הציע,3
הצמיחה,3
הצעה,3
הצעות,3
הצענו,3
הצער,3
הצעת,3
הצפה,3
הצפון,3
הצרפתי,4
הקביעה,3
הקדנציה,4
הקהילה,4
הקו,2
הקואליציה,5
הקואליציוני,6
הקואליציוניים,6
הקודם,3
הקודמות,3
הקודמת,4
הקולנוע,4
הקונגרס,3
הקופה,3
הקטנים,3
הקיים,3
הקים,2
הקמפיין,3
הקמת,2
הקמתה,3
הקנאביס,4
הקנטרניות,5
הקנייה,3
הקפדתי,4
הקפוא,3
הקרב,2
הקרובות,3
הקרקע,3
הקשבת,3
הר,1
הראיון,4
הראייתית,5
הראש,2
הראשון,3
הראשונה,4
הראשונים,4
הרב,2
הרבה,2
הרביעי,4
הרבנות,4
הרבעון,3
הרגולטורים,6
הרדיו,3
הרוב,2
הרוגים,3
הרי,2
הריאלי,4
הריבוי,3
הרייטינג,3
הרכב,2
הרכבת,4
הרצוג,2
הרשויות,4
הרשות,3
הרשימה,4
הרשמית,3
הרשתות,4
השארתי,3
השבוע,4
השביתה,3
השבתון,4
השגרירה,4
השגרירויות,5
השגרירות,4
השגת,3
השואה,3
השוויון,3
השווינו,3
השוטרים,3
השופט,3
השופטים,3
השופטת,3
השחור,3
השחיתות,3
השחרורים,4
השטח,3
השטחים,3
השידור,3
השיח,3
השיחות,3
השינוי,3
השיפוטי,4
השכונה,3
השכונות,3
השכר,3
השלוש,3
השלטונית,4
השמאל,2
השנאה,3
השנה,3
השני,3
השנייה,3
השנים,3
השנתי,3
השנתיים,4
השערות,3
השפה,3
השפיע,3
השפעה,3
השקיפות,3
השרה,3
השתנה,3
השתנו,3
השתנתה,3
השתתפו,3
התאגיד,4
התאמות,3
התבצע,4
התגברות,3
התגייסו,3
התהליך,4
התוספת,4
התורה,3
התורני,4
התחבורה,4
התחדש,3
התחייבה,3
התחייבו,3
התחייבות,3
התחייבנו,4
התחיל,2
התיווך,3
התייחסות,3
התייחסותו,5
התייתרה,3
התיכון,3
התיקים,3
התלמידים,4
התמודדנו,4
התמתנות,3
התנגדה,3
התנחלות,3
התעלמות,3
התערב,3
התעשייה,5
התפילה,3
התפרסם,3
התקבל,3
התקבלה,3
התקבלו,3
התקדים,3
התקציב,3
התקציבים,4
התקשורת,4
התראה,3
התרבות,3
התשעים,3
התשתית,3
ואבטחה,4
ואגב,3
ואוזקים,3
ואולי,3
ואומר,3
ואוסטריה,4
ואותו,3
ואז,2
ואזרחים,4
ואחריו,4
ואחרים,4
ואיזה,3
ואין,2
ואם,2
ואמנות,4
ואמר,3
ואנגלית,3
ואנחנו,4
ואני,3
ואנשיו,4
ואנשים,4
ואף,2
ואפילו,4
ואפליה,4
ואריתריאה,5
ואת,2
ואתה,3
וב,1
ובאופן,4
ובאיזה,4
ובאנגלית,4
ובבנגלדש,5
ובבקשות,5
ובגלל,3
ובהוצאות,5
ובו,2
ובוודאי,4
ובטוח,4
ובטח,3
וביהודה,5
וביטן,3
וביעילות,5
וביקשו,3
ובית,2
ובכל,3
ובלגיה,3
ובמזרח,4
ובמחיר,4
ובמסגרתה,5
ובמספר,4
ובמקום,3
ובני,2
ובסך,3
ובסקר,4
ובעקבותיו,5
ובצמיחה,4
ובריחה,3
ובשום,3
ובשירותים,5
ובשנה,4
וגדל,3
וגדלה,3
וגם,2
ודברים,3
ודווקא,3
ודמוקרטיה,5
ודרך,3
ודרשו,3
והאביב,4
והאחרונה,5
והאמנות,5
והארץ,4
והבית,4
והגז,3
וההודעה,5
וההכרזה,5
וההמנון,4
והוא,2
והוגש,3
והולכות,3
והחזיר,3
והטוב,3
והטורדניות,6
והטחינה,4
והיא,2
והיו,3
והיום,3
והיסטוריה,4
והלך,3
והם,2
והמדינה,5
והמחקר,4
והמספר,4
והמספרים,5
והמציאות,5
והעברנו,5
והערבים,5
והפרקליטות,5
והצטרפנו,5
והצלחנו,4
והקפאות,4
והקצב,4
והרווחה,4
והשארתי,4
והשר,3
והתבקשתי,5
והתברר,4
והתחילו,4
והתקיימה,4
וואו,1
וזאת,2
וזה,2
וזהו,3
וזועק,3
וחוקי,3
וחייב,3
וחינוך,3
וחלילה,4
וחצי,3
וטו,2
וטכנולוגיה,5
ויותר,3
ויכוח,3
ויכולות,4
ויסגרו,4
ויצו,2
וירדו,3
ויש,2
וישראליות,6
ויתרו,2
וכבר,2
וכדין,3
וכך,2
וכמאה,4
וכמוני,4
וכמות,3
וכן,2
וכפר,2
ולא,2
ולבדוק,3
ולהחזיר,4
ולהחריב,4
ולהיכנס,5
ולכן,3
וללא,3
ולמעמד,5
ולמערכת,6
ולנהל,4
ולסגור,3
ולעבוד,4
ולעולם,4
ולפיה,4
ולפריז,4
ולקבל,4
ולשליטה,4
ומארג,4
ומדינות,4
ומהכלכלה,5
ומובילות,4
ומול,2
ומחליטים,4
ומיליארד,4
ומיצינו,4
ומיקי,3
ומסייעת,5
ומעולם,4
ומצויינת,5
ומשטר,3
ומשמר,3
ומשרד,3
ומתח,3
ומתחשבת,5
ומתמיד,3
ון,1
ונוסח,2
ונזכיר,3
ונחקר,3
וניתן,3
ונמצאים,4
ונמשכה,4
ונציג,3
ונשנות,3
וסמלי,3
ועבודה,4
ועבר,3
ועד,2
ועדה,3
ועדות,3
ועדת,3
ועוד,2
ועזבו,3
ועזרה,3
ועכשיו,3
ועל,2
ועם,2
ועמותות,4
וערב,3
ועשרות,4
ופחות,3
ופטור,2
ופיזיקה,4
ופסל,3
וצמצמתי,4
וקו,2
וקיבלתי,4
וקיים,3
וקנדה,4
וראש,2
ורבע,3
ורכש,3
ורק,2
ושוב,2
ושומרון,3
ושידעה,4
ושיטתי,4
ושירות,3
ושלא,3
ושלושת,3
ושלחנו,4
ושם,2
ושנתיים,4
ותאילנד,3
ותבדוק,3
ותבדקו,4
ותיקים,3
ותמר,3
ותנך,3
ותפרו,3
ותראו,3
זאת,1
זה,1
זו,1
זוגות,2
זוהר,2
זוכה,2
זוכים,2
זוכר,2
זול,1
זיהום,2
זכאים,3
זכויות,2
זכות,1
זכר,2
זמן,1
זנדברג,2
זקנים,2
זרם,2
זרק,2
זרקא,2
חבל,2
חבר,2
חברה,2
חברון,2
חברות,2
חברי,3
חבריו,3
חבריי,3
חברים,3
חברת,2
חד,1
חדש,2
חדשים,3
חוב,1
חובה,2
חובת,2
חודש,2
חודשי,2
חודשיים,3
חודשים,3
חוזר,2
חוזרות,2
חוכרים,2
חולים,2
חולק,2
חום,1
חוסכים,2
חופש,2
חופשות,2
חופשי,2
חוץ,1
חוק,1
חוקה,2
חוקי,2
חוקיים,3
חוקים,2
חוקית,2
חוקף,2
חוקק,2
חוקקו,3
חוקקתי,3
חוקרים,2
חוקתי,3
חושב,2
חזל,2
חזק,2
חזקות,2
חזר,2
חזרו,2
חזרתי,3
חטא,2
חיבור,2
חיונית,3
חיזק,2
חייב,2
חייבת,3
חייל,2
חיילות,3
חיילי,3
חיילים,3
חיים,2
חינוך,2
חינם,2
חיפה,2
חכ,1
חל,1
חלה,2
חלוט,2
חלופה,3
חלילה,3
חלק,2
חלקים,3
חלקית,2
חלש,2
חמור,2
חמישה,3
חמש,2
חמשת,3
חנויות,3
חניקה,3
חנכנו,3
חס,1
חסוי,2
חסויות,3
חסות,2
חסמו,2
חסר,2
חסרת,3
חפשו,2
חצי,2
חקיקה,3
חקיקתו,4
חקיקתי,4
חקירה,3
חרב,2
חרדי,3
חרדיות,4
חרדים,3
חרדית,3
חריג,2
חשב,2
חשבו,2
חשבון,2
חשד,2
חשדות,3
חשוב,2
חשוד,2
חשוף,2
חשמל,2
חשש,2
חתומים,3
חתמה,2
טבעי,2
טוב,1
טובת,2
טויוטה,2
טועה,2
טוען,2
טורקיה,2
טיבי,2
טילים,2
טיפול,2
טכנולוגיות,4
טכנית,2
טלפון,3
טעות,2
טענה,3
טענותיך,5
טענתם,4
טקס,2
טראמפ,1
טרור,2
טרמאפ,1
יאיר,2
יאכוף,3
יבנו,2
יד,1
ידו,2
ידוע,3
ידי,2
ידיים,3
ידעו,2
יהדות,3
יהודה,3
יהודי,3
יהודיות,4
יהודיים,4
יהודים,3
יהודית,3
יהיה,2
יהיו,2
יוגש,2
יודע,2
יודעים,2
יוזמן,2
יוכל,2
יום,1
יומיים,3
יועמש,3
יועצים,3
יוצא,2
יוקר,2
יוקרה,2
יור,1
יורד,2
יורדות,2
יורי,2
יורק,2
יורשע,2
יושבת,3
יותר,2
יחד,2
יחול,2
יחיד,2
יחידות,3
יחל,2
יחס,2
יחסי,3
יחסית,3
יימשך,3
יישארו,4
ייתכן,3
יכול,2
יכולה,3
יכולים,3
יכולנו,3
יכולת,3
יכולתי,3
יכלו,2
ילד,2
ילדים,3
ילידים,3
ילכו,2
ילמדו,3
ימי,2
ימים,2
ימין,2
ימשיכו,3
יני,2
יסוד,2
יסכימו,3
יעבור,3
יעל,2
יעלה,3
יעמדו,3
יעמוד,3
יעסוק,3
יפ,1
יצאה,2
יצאו,2
יצחק,2
יצטרך,3
יציבות,3
יצלמו,3
יקבל,3
יקצץ,3
ירד,2
ירדו,2
ירושה,3
ירושלים,5
ירידה,3
ירידות,3
ירצה,2
יש,1
ישב,2
ישבו,2
ישי,2
ישיבה,3
ישיר,2
ישלמו,3
ישנה,2
ישנן,2
ישראל,3
ישראלי,4
ישראלים,4
יתקבל,3
כאגף,3
כאדמת,3
כאזרח,3
כאלה,3
כאלף,3
כאמור,3
כאן,1
כארבע,3
כאשר,3
כאתר,3
כבדים,2
כביטוח,4
כביר,2
כבירתנו,5
כביש,1
כבישים,2
כבסיס,3
כבר,1
כדאי,2
כדי,1
כדת,2
כה,1
כהונת,3
כהונתו,4
כוחו,2
כולה,2
כולו,2
כולל,2
כולם,2
כותבים,2
כותבת,3
כזאת,2
כזה,2
כזו,2
כח,1
כחכ,2
כחלק,3
כחצי,3
כי,1
כיה,2
כיהודי,4
כיהנתי,3
כיוון,2
כיום,2
כיור,2
כיתות,2
כך,1
ככה,2
ככולם,3
כל,1
כלום,2
כלי,1
כלים,2
כלכלה,3
כלכלי,3
כלכלית,3
כלל,1
כללי,2
כללים,2
כלפי,2
כלקח,3
כמדינה,3
כמה,2
כמו,1
כמובן,3
כמוה,3
כמוכם,3
כמות,2
כמי,2
כמלאי,2
כממונה,4
כמעט,2
כמקודם,4
כן,1
כנגד,3
כניסתי,3
כנסת,2
כנציגים,3
כנראה,3
כסף,2
כספים,2
כספית,2
כפויה,2
כפוף,2
כפי,1
כפיו,1
כפיים,3
כפליט,3
כפשרה,3
כץ,1
כצורך,3
כראש,2
כרגע,3
כרוך,2
כרמי,2
כשאנחנו,4
כשאני,3
כשאף,2
כשארהב,3
כשאתה,3
כשההשקעה,5
כשהם,2
כשהמחיר,4
כשהממשלה,5
כשהמשרד,4
כשהנחתי,4
כשהצביעו,4
כשהתוספת,5
כשהתמודדתי,6
כשוחד,3
כשזה,2
כשיושב,3
כשייכים,4
כשישב,4
כשכולנו,4
כשמחירי,4
כשמישהו,4
כשנה,3
כשני,3
כשנכנסנו,4
כשנשדר,3
כשנתניהו,5
כשעברו,3
כשעמדתי,5
כשקיבלתי,4
כשר,2
כשרות,2
כתב,1
כתבי,2
כתבתי,3
כתוב,2
כתוצאה,4
לא,1
לאברכים,4
לאוויר,3
לאולמרט,3
לאומי,3
לאופוזיציה,5
לאופניים,5
לאופקים,4
לאותו,3
לאותן,3
לאזרח,3
לאחד,3
לאחר,3
לאחרונה,4
לאי,2
לאיזון,3
לאכוף,3
לאלף,3
לאלפי,3
לאמץ,3
לאנגלית,3
לאנרגיה,4
לאף,2
לאפס,3
לאפריקה,4
לאפשר,3
לאקדמיה,5
לאריתריאה,5
לארץ,3
לאשקלון,4
לאשר,3
לב,1
לבגרות,3
לבדוק,2
לבוא,2
לבזות,3
לבזק,3
לבחון,2
לבחירה,3
לבטל,3
לבין,2
לביצוע,4
לבית,2
לבנות,2
לבני,2
לבצע,3
לבקר,3
לבקש,3
לבריאות,3
לברלין,3
לגבי,3
לגברת,3
לגדר,3
לגור,2
לגיטימי,4
לגיטימציה,5
לגמרי,3
לגנוב,2
לגרום,2
לגרעון,4
לגרש,3
לדבר,3
לדוגמא,3
לדווח,4
לדון,2
לדיווחים,4
לדיוני,4
לדימונה,4
לדין,2
לדלת,3
לדמוקרטיה,5
לדרג,3
לדריסה,3
לה,1
להאריך,3
להבאת,4
להבטיח,4
להביא,3
להבין,3
להגיע,3
להגיש,3
להגנה,4
להגר,3
להדיח,3
להוביל,3
להוכיח,3
להועיל,3
להוציא,3
להורג,3
להחזיר,3
להחזקה,4
להחלטה,4
להחליף,3
להטב,3
להיבחר,4
להיוולד,4
להיות,3
להיותה,4
להיחשב,4
להיכנס,4
להימנע,4
להיפסק,4
להיפרדות,4
להירשזון,2
להישאר,4
להיתר,3
להכניס,3
להלחם,4
להם,2
להמליץ,3
להמשיך,3
להן,2
להסדיר,3
להסתננות,5
להעביר,4
להעלות,4
להפחתה,4
להפסיק,3
להצביע,4
להצלחה,4
להקמתו,5
להקפיא,3
להר,2
להרוס,3
להשיב,3
להשפיע,4
להשתמש,3
להשתתף,4
להתגבר,4
להתוודות,4
להתחבא,4
להתחתן,4
להתייצב,4
להתלבש,4
להתמנות,4
להתפטר,4
להתפלל,4
להתפצל,4
להתקבל,4
להתקיים,4
לו,1
לומד,2
לומדים,2
לומר,2
לוקח,2
לוקחת,3
לזה,2
לזוגות,3
לזכויות,3
לזמן,2
לחברי,3
לחדשנות,4
לחודש,3
לחוף,2
לחופשה,3
לחוק,2
לחוקק,3
לחורים,3
לחזור,2
לחיות,2
לחיילי,4
לחינוך,3
לחלוטין,4
לחסל,3
לחפש,3
לחקור,2
לחקירה,4
לחשוף,2
לחתום,2
לחתור,2
לחתן,3
לטובת,3
לי,1
ליבה,2
ליברמן,3
לידה,2
לידינו,4
ליהודים,4
ליועמש,4
ליותר,3
ליחידת,4
לילד,3
לילדי,4
לילדים,4
לילה,2
ליללות,2
לימדו,2
לימוד,2
לימודי,3
לימוזין,3
לימי,2
לירדן,3
לירוחם,3
לירושלים,5
לירידה,3
לישראל,4
ליתר,3
לך,1
לכאורה,3
לכאן,2
לכדי,2
לכהן,3
לכולם,3
לכותל,3
לכיתה,3
לכך,2
לכל,2
לכלא,3
לכלוא,2
לכלול,2
לכלכלה,5
לכלל,2
לכם,2
לכן,2
לכנסת,3
לכתבה,4
לכתוב,2
ללא,2
ללוות,3
ללונדון,3
לליכוד,3
ללמד,3
ללמוד,2
ללמעלה,3
למדינה,4
למדינות,4
למדיניות,5
למדינת,3
למה,2
למועצות,3
למותו,3
למיגור,3
למיליארד,3
למימון,3
למינוי,3
למכונים,3
למכור,2
למכללות,4
לממשלה,4
למנהרות,4
למנוע,3
למנות,2
למס,2
למסתננים,5
למעיין,4
למעלה,3
למעמד,4
למערב,4
למערכת,5
למעשה,4
למעשי,4
למפלגות,4
למצב,3
למרות,2
למשחק,3
למשטרה,4
למשל,3
למשפחה,4
למשרד,3
למשתכן,4
לנאום,2
לנו,2
לניגוד,3
לניצולי,4
לנישואים,4
לנפש,3
לנשים,3
לנתיבות,4
לנתניהו,5
לנתק,3
לסגור,2
לסוגיות,4
לסורים,3
לסיים,3
לסכום,2
לסל,2
לסמוטריץ,3
לספק,3
לעבודה,4
לעבור,3
לעבירות,4
לעובדים,3
לעולים,3
לעומת,3
לעונשי,4
לעזוב,3
לעיריית,4
לעיתון,3
לעלות,3
לעסק,3
לעצמו,3
לערד,3
לעשות,3
לעשן,3
לעת,2
לפוגג,3
לפחות,3
לפי,2
לפיד,2
לפירוד,3
לפליטים,3
לפלילים,3
לפנות,2
לפני,2
לפניכם,3
לפסול,2
לפעמים,3
לפקידות,3
לפרסם,3
לפרסמן,4
לפרקליטות,4
לפתוח,3
לפתרון,4
לצאת,2
לצהל,3
לצוללות,4
לציבור,3
לציונות,4
לצייר,3
לצמצם,3
לצערי,4
לצרכי,3
לצרכן,3
לקבל,3
לקבלת,4
לקדימה,3
לקדם,3
לקדנציה,4
לקו,2
לקואליציה,5
לקחתי,3
לקטין,3
לקיום,3
לקייטנות,4
לקילו,3
לקצב,3
לקצבאות,4
לקראת,2
לקרנבל,4
לקשישים,3
לראות,2
לראש,2
לראשונה,4
לרבות,2
לרווח,3
לרווחה,3
לרמה,3
לרסן,3
לרעיון,4
לרפואה,4
לרשויות,4
לשבעה,3
לשדה,3
לשדרות,3
לשום,2
לשון,2
לשופטים,3
לשוק,2
לשטח,3
לשינוי,3
לשיקום,3
לשירות,3
לשלוח,3
לשלטון,3
לשלם,3
לשם,2
לשמור,2
לשנות,3
לשני,2
לשנים,3
לשעבר,4
לשפל,3
לשר,2
לששת,3
לתאר,3
לתואר,3
לתוקף,3
לתורים,3
לתחזיות,5
לתל,2
לתלמיד,3
לתפקיד,3
לתפקידי,4
לתקופה,3
לתקן,3
לתקצב,3
לתקציב,3
לתרבות,3
לתת,2
מאוד,2
מאוחדת,4
מאוטובוס,4
מאושפזים,4
מאות,2
מאותו,3
מאז,2
מאזורי,4
מאזרחי,4
מאחר,3
מאלף,3
מאמץ,3
מאנשי,3
מאסר,3
מאפשר,3
מאשר,3
מאשרות,3
מבזבז,3
מבחינה,3
מבחינת,3
מבטאת,3
מביא,2
מבין,2
מביניהם,4
מבכל,3
מבלי,2
מבני,2
מבקר,3
מבקש,3
מבקשי,3
מבקשים,3
מגובה,3
מגוגל,3
מגוונת,4
מגיוס,3
מגילת,3
מגיע,2
מגיעות,3
מגיעים,3
מגיש,2
מגמה,3
מגרמניה,4
מדבר,3
מדברים,3
מדדו,3
מדהימה,3
מדובר,3
מדי,2
מדינה,3
מדינות,3
מדיניותינו,6
מדינת,3
מדכאת,3
מדלת,3
מדע,2
מדרפור,3
מה,1
מהאוכלוסייה,6
מהאופוזיציה,7
מהאנשים,5
מהארגונים,5
מהארץ,4
מהבניה,4
מהבנייה,4
מהבתים,4
מהגז,3
מהגרים,3
מהדירות,3
מההורים,4
מההיסטוריה,5
מהווה,3
מהותית,3
מהזולים,4
מהחוק,3
מהחקירה,5
מהיסוד,4
מהכנסתם,5
מהכסף,4
מהם,2
מהמינויים,5
מהמלצות,4
מהממונה,5
מהמעשנים,5
מהמקום,4
מהמקרים,4
מהמשבר,4
מהן,2
מהנמוכות,5
מהנמוכים,5
מהנשיאים,5
מהנשים,4
מהסוג,3
מהסוף,3
מהסכום,3
מהעוסקות,4
מהפלסטינים,6
מהפסד,3
מהפרשה,5
מהצבא,4
מהצעירים,5
מהרגע,4
מהרווחים,5
מהרשימה,5
מהשופטים,4
מהשלב,3
מהתוצר,4
מהתיקים,4
מהתמג,4
מהתמת,4
מובהקים,3
מובטח,2
מוגבל,2
מוות,2
מוותרים,3
מוזס,2
מוחאים,3
מוחלט,2
מוחלטת,3
מוטרדת,3
מוכרים,2
מול,1
מולד,2
מונופול,3
מונח,2
מוסיפה,3
מוסלמי,3
מוסמך,2
מוסרי,3
מועלם,3
מועמדים,4
מופיע,3
מופיעה,3
מופעלות,3
מוצאים,2
מוצגים,3
מוציאה,3
מוציאים,3
מוצלחת,3
מוקדם,2
מוקמה,2
מורידה,3
מורים,2
מורשת,3
מושטת,3
מותו,2
מותר,2
מזדהים,3
מזה,2
מזוז,2
מזויפת,4
מזיהום,3
מזכל,2
מזרח,2
מחבלים,3
מחברים,3
מחדש,3
מחוייבת,4
מחוץ,2
מחוק,2
מחזיק,2
מחזיקים,3
מחיה,2
מחיר,2
מחירי,3
מחירים,3
מחל,2
מחלחל,3
מחליט,2
מחלפים,3
מחנה,3
מחסויות,4
מחסור,2
מטבע,3
מטוס,2
מטופש,3
מטורף,3
מטורקיה,3
מטיף,2
מטעם,3
מטפלים,3
מטרה,3
מי,1
מיגור,2
מידי,3
מידיי,3
מידת,2
מיוחד,3
מיושם,3
מיותר,3
מיותרים,4
מיטות,2
מיידי,3
מיילים,2
מייצאת,3
מייצוא,3
מילארד,2
מילואים,3
מיליארד,2
מיליארדי,3
מיליארדים,3
מיליון,2
מיליונים,3
מימון,2
מין,1
מינו,2
מינויה,3
מינוס,2
מיני,2
מיניים,3
מינימום,3
מיסים,2
מיעוט,2
מיקי,2
מירושלים,5
מישראל,4
מכאן,2
מכהן,3
מכהנים,4
מכהנת,4
מכיוון,3
מכיסם,3
מכיר,2
מכל,2
מכם,2
מכן,2
מכספי,3
מכסת,2
מכרז,2
מכרטיסים,4
מכתב,2
מכתיר,2
מלא,2
מלאה,3
מלבנון,4
מלון,2
מלחמות,3
מלחמת,3
מליוני,3
מלימודי,4
מלכתחילה,4
מלפני,3
ממאגר,4
ממאה,3
ממדינה,3
ממדינות,3
ממה,2
ממומן,3
ממוצעת,4
ממוקמת,4
ממיליארד,3
ממכרז,3
ממלאי,2
ממליץ,2
ממליצה,3
ממליצים,3
ממלכתי,3
מממן,3
מממשלות,3
ממנה,3
ממנו,3
ממני,3
ממערת,3
ממצרים,4
ממרצ,3
ממש,2
ממשל,2
ממשלה,3
ממשלות,3
ממשלת,3
ממשלתיות,4
ממשלתיים,4
ממתווה,3
ממתינים,3
מן,1
מנגנון,3
מנדט,2
מנדלבליט,3
מנומקת,4
מנוע,3
מנחם,3
מני,2
מניח,3
מניחה,3
מניחים,3
מנתה,2
מס,1
מסביב,3
מסגרות,3
מסדירים,3
מסובבים,4
מסודן,3
מסודר,3
מסוריה,3
מסחר,2
מסיים,3
מסיימי,3
מסיימים,3
מסים,2
מסיעה,3
מסכנת,4
מסמן,3
מספיק,2
מספר,2
מסתכל,3
מסתכלים,3
מסתנני,4
מסתננים,4
מעבירות,4
מעבר,3
מעד,2
מעוגנת,4
מעולם,3
מעונות,3
מעוניין,3
מעורב,3
מעורבים,4
מעזה,3
מעט,2
מעידים,3
מעל,2
מעלה,3
מעליהן,4
מעמ,2
מעמד,3
מעמידים,4
מענה,3
מענק,3
מעסיק,3
מעצר,3
מערב,3
מערביות,5
מערכת,4
מערערת,4
מערת,3
מעשים,3
מעת,2
מפוקחות,4
מפורסם,3
מפורש,3
מפורשות,4
מפורשת,4
מפייק,2
מפלגה,3
מפלגות,3
מפלגת,3
מפני,2
מפסיקים,3
מפקחות,3
מפריע,3
מפרסום,3
מפרסומות,4
מפרסמים,4
מצב,2
מצביע,3
מצטמצם,3
מציין,3
מצייצות,3
מציל,2
מציעים,3
מצע,2
מצרים,3
מקבל,3
מקבלים,3
מקדימה,4
מקודם,3
מקום,2
מקומות,3
מקומיים,4
מקימים,3
מקלט,2
מקפיאה,3
מקצץ,3
מקק,2
מקרב,3
מקרה,3
מקרקעי,4
מקשה,2
מראש,2
מרביתם,3
מרוויח,3
מרוויחים,3
מרכז,2
מרכזי,3
מרכיב,2
מרכיבי,3
מרצ,2
מרץ,2
מרצון,3
מרצונם,3
מרקר,2
מרשים,2
משאבים,3
משגיחי,3
משגשגים,4
משהו,3
משהם,3
משוחרר,3
משוכנע,3
משול,2
משום,2
משוק,2
משוקלל,3
משטחי,3
משטרתי,3
משכר,3
משל,2
משלם,3
משלמים,3
משלמת,4
משמעות,3
משמעותי,4
משמעותית,4
משמעי,3
משנה,3
משנות,3
משנתיים,4
משפחות,3
משפחותיהם,5
משפט,2
משפטיים,4
משפטית,3
משק,2
משקיעה,3
משקיעים,3
משקלל,3
משרד,2
משרדי,3
משרתים,3
משת,2
משתולל,3
משתייכים,3
משתכרים,3
משתלט,3
משתמשים,3
מת,1
מתאפשר,3
מתבטאת,3
מתגאים,3
מתגוררים,4
מתגייסים,3
מתדיין,3
מתו,2
מתווכחים,3
מתוך,2
מתוכם,3
מתוקנות,4
מתוקצב,3
מתושבי,4
מתחילים,3
מתחלקת,4
מתחת,3
מתי,2
מתייחס,3
מתייחסים,4
מתייחסת,4
מתיישבים,3
מתים,2
מתלמידי,4
מתמדת,3
מתמטיקה,5
מתנהג,3
מתנות,3
מתנחלים,3
מתעסק,3
מתפללים,4
מתפקידו,4
מתקבל,3
מתקבלות,3
מתקדם,3
מתקדמות,3
מתקופת,3
מתקנת,4
מתקציב,3
מתקרב,3
מתקרבת,4
מתריע,3
נאבק,3
נאה,2
נאו,2
נאום,2
נאלצים,4
נאמר,3
נאצי,2
נבהלת,3
נבחר,2
נבחרו,3
נבלם,2
נבנו,2
נבנית,2
נבע,2
נגד,2
נגדו,2
נגדי,2
נגדך,2
נגדנו,3
נגיד,2
נגידים,3
נדייז,3
נדרשה,3
נהרי,3
נו,1
נוגע,3
נוגעות,2
נוהגת,3
נוהל,2
נוחת,2
נוכל,2
נולד,2
נולדו,2
נוני,2
נוסח,2
נוסע,3
נוסף,2
נועזת,3
נוצר,2
נוראיים,3
נושאים,2
נותן,2
נותנות,2
נזף,2
נזקים,3
נחקר,2
נחשב,2
נחשבים,3
נחשבת,3
נטו,2
נטלתם,3
נידון,2
ניהלתי,3
ניוז,1
ניירת,3
ניסיתי,3
ניצחתי,3
ניצן,2
נישואים,3
נישואין,3
ניתן,2
ניתנת,3
נכון,2
נכים,2
נכלאים,3
נכנס,2
נכנסה,3
נכנסו,3
נכנסים,3
נכפיל,2
נמוך,2
נמוכה,3
נמוכות,3
נמנע,2
נמצא,2
נמצאות,3
נמצאים,3
נמצאת,2
נמשך,2
נסגר,2
נסגרים,3
נעביר,3
נעצר,3
נפטרו,3
נפלה,2
נפקיר,2
נפש,2
נפתחה,3
נצחונות,3
נצטרך,3
נציגי,3
נקודת,3
נקי,2
נראה,2
נרכש,2
נרכשו,3
נרצח,2
נרשם,2
נשאיר,2
נשארו,3
נשים,2
נשען,2
נשק,2
נשר,2
נתון,2
נתוני,3
נתונים,3
נתמודד,3
נתן,2
נתנו,2
נתניהו,4
נתתי,3
סאטירה,3
סבא,2
סבאא,2
סבסוד,2
סגור,2
סגן,2
סגר,2
סהרונים,4
סוגרת,3
סודן,2
סוהר,2
סוף,1
סופר,2
סורית,2
סחר,2
סטטוס,2
סטטיסטית,3
סי,1
סיבה,2
סידרו,2
סיטואציה,4
סיטי,2
סיימו,2
סיכום,2
סימנים,3
סיעות,2
סיעת,2
סיפוח,3
סיפרו,2
סירבנו,3
סך,1
סכומי,2
סכנה,3
סכסוך,2
סל,1
סלולרי,4
סמוך,2
סמים,2
סמכויות,3
סמכות,2
סמכותו,3
סמל,2
סנהדרין,3
סעיף,2
ספר,2
סקוור,1
סר,1
סתיו,1
סתם,1
עבודה,3
עבודתן,4
עבור,2
עבורם,3
עבירה,3
עבירות,3
עבר,2
עברו,2
עברית,2
עגמת,2
עד,1
עדי,2
עדיין,3
עדים,2
עובדה,2
עובדות,2
עובדי,2
עובדים,2
עובדתית,3
עובר,2
עוד,1
עודף,2
עודפים,3
עוול,2
עולה,2
עולים,2
עולם,2
עולמי,3
עולמם,3
עומד,2
עומדת,3
עוני,2
עונש,2
עוקף,2
עורר,2
עושה,2
עושים,2
עזבו,2
עזבתי,3
עזה,2
עזיבה,3
עזר,2
עזרה,2
עיון,2
עיוני,3
עיר,1
עירוני,3
עיריית,3
עכשיו,2
על,1
עלה,2
עלו,2
עלויות,3
עלות,2
עליה,3
עליהם,3
עליו,2
עליון,2
עלייה,3
עליית,3
עלתה,2
עם,1
עמד,2
עמדה,2
עמדו,2
עמדותיה,4
עמדתי,3
עמה,2
עמותה,3
עמותות,3
עני,2
עניין,2
עניינים,3
ענקית,3
עסק,2
עסקים,3
עצם,2
עצמאים,3
עצמו,2
עצמכן,3
עצמם,2
עצר,2
עקב,2
עקום,2
ערבים,3
ערוץ,2
ערי,2
עשה,2
עשו,2
עשור,2
עשינו,3
עשיתי,3
עשיתם,3
עשר,2
עשרות,3
עתיד,2
עתיקות,3
עתירות,3
פארם,1
פה,1
פוליטי,3
פוליטיות,4
פוליטיקאי,4
פוליטיקאים,5
פוליטיקה,4
פולין,2
פומבי,2
פונדקאות,4
פועל,2
פופולארי,4
פורבס,1
פורטה,2
פורסם,2
פחות,2
פטור,1
פטיש,2
פי,1
פים,1
פיצול,2
פירסום,2
פירק,2
פירקתי,3
פלוס,1
פליט,2
פליטות,2
פליטים,2
פליליות,3
פלסטין,3
פלסטיני,4
פלסטינים,4
פלסטינית,4
פנו,2
פנומנלי,5
פניות,2
פנייה,2
פנימה,2
פנימיות,3
פסטיבל,3
פסילת,2
פסיקה,2
פסיקות,2
פסיקת,2
פסלתי,3
פסק,2
פסקת,2
פעולות,3
פעולתו,4
פעל,2
פעלו,3
פעלתי,3
פעם,2
פעמים,3
פער,2
פצועים,2
פקודת,2
פקחי,3
פקחים,3
פקידים,2
פרובוקטורים,5
פרובוקציה,4
פרויקט,2
פרופורציונית,4
פרט,1
פרטי,2
פרטיים,3
פרטית,2
פרטנית,3
פריימריז,3
פריצת,2
פרישה,2
פרלמנט,3
פרסום,2
פרץ,2
פרקליט,2
פרשת,3
פשוט,2
פשיעה,2
פשע,2
פשעי,2
פתאום,2
פתוחות,2
פתחו,2
פתחנו,3
פתיחת,2
פתרון,3
צבאי,2
צדדי,2
צהל,2
צודקת,3
צומת,2
צופה,2
צוק,1
צורך,2
צחי,2
ציבור,2
ציבורי,3
ציבוריות,4
ציבורית,3
ציונות,3
ציוני,3
צינור,2
ציפורים,3
ציפי,2
צמח,2
צמיחה,2
צמצם,2
צניחה,2
צעד,2
צעיר,2
צעירי,3
צעירים,3
צפויים,2
צפון,2
צרות,2
צריך,2
צריכה,2
צריכות,2
צריכים,2
צרפת,2
צרפתי,3
קב,1
קבוע,3
קבועים,2
קבלה,3
קבלת,3
קבע,2
קבעה,2
קבעו,2
קבעתי,3
קדימה,3
קדנציה,3
קהילה,3
קהילות,3
קובע,2
קודם,2
קודמיי,2
קוו,2
קול,1
קולות,2
קום,1
קומץ,2
קונה,2
קונים,2
קונסרבטיבי,4
קונקרטי,3
קורה,2
קוריאה,3
קח,1
קטלנית,3
קטן,2
קטנים,2
קטעים,2
קיבל,2
קיבלה,2
קיבלו,2
קיבלנו,3
קיבלתי,3
קיבלתם,3
קידם,2
קיום,2
קיומה,3
קיים,2
קיימות,3
קיימים,3
קיצצה,3
קלון,2
קליין,2
קמ,1
קם,1
קנאביס,3
קנדה,3
קנה,2
קניות,2
קניית,2
קפצה,2
קצב,2
קצבאות,3
קצבה,2
קצרה,2
קצת,1
קק,1
קקל,2
קראו,2
קראתי,3
קרוב,2
קרי,2
קריטריון,3
קרית,2
קרקע,2
קרקעית,3
קש,1
קשה,2
קשור,2
קשר,2
קשרים,2
ראוי,2
ראיות,3
ראייתית,4
ראינו,3
ראית,3
ראש,1
ראשון,2
ראשונה,3
ראשי,2
ראשית,2
רב,1
רבב,2
רבות,2
רבותי,3
רבין,2
רביעי,3
רבעי,2
רגב,2
רגולציה,4
רגיל,2
רהמ,2
רוב,1
רובי,2
רובם,2
רובן,2
רווחה,3
רווי,2
רוכשים,2
רומס,2
רון,1
רוסיה,2
רוצה,2
רוצחים,2
רוצים,2
רחב,2
רחבה,3
רחבת,3
רחוק,2
רחוקים,3
ריבלין,2
ריקה,2
רישום,2
רישיון,3
רכב,2
רכבי,2
רכבת,3
רלוונטי,4
רמת,2
רנוביל,3
רעב,2
רעיונית,4
רף,1
רפובליקאים,5
רפובליקנים,5
רפורמי,3
רפורמים,3
רץ,1
רצה,2
רצוי,2
רצח,2
רצים,2
רצינו,3
רק,1
רשאית,3
רשום,2
רשות,2
רשימה,3
רשימות,3
רשמיות,3
רשמיים,3
רשמית,3
רשת,2
שאגב,3
שאדלשטיין,4
שאדם,3
שאולמרט,3
שאומר,3
שאומרים,3
שאומרת,4
שאזרחי,4
שאחזו,4
שאין,2
שאינן,3
שאלתי,3
שאם,2
שאמר,3
שאנחנו,4
שאני,2
שאנשים,4
שאסור,3
שאף,2
שאפשר,3
שאר,1
שארית,3
שאת,2
שאתה,3
שב,1
שבא,2
שבאים,3
שבגץ,3
שבדרום,4
שבה,2
שבהן,3
שבהסכם,4
שבו,2
שבוטל,3
שבוע,3
שבועיים,3
שבחקירה,5
שבחרה,4
שביהמש,4
שביום,3
שבינתיים,5
שביקרה,3
שבישראל,4
שבמדינות,5
שבמקום,4
שבע,2
שבעה,2
שברח,3
שבתון,3
שבתחום,3
שבתקופה,4
שגדלו,3
שגויים,2
שגזר,3
שגם,2
שגרים,3
שגרירויות,4
שגרירות,3
שדברים,3
שדואג,3
שדיבר,3
שהאירוויזיון,5
שהאמריקאים,7
שהביאה,4
שהבית,4
שהגיע,4
שהגיעו,4
שהגיש,3
שהגשתי,4
שהדבר,4
שהדברים,4
שהדלפות,4
שהדת,3
שההשקעה,5
שהוא,2
שהובטחה,4
שהוביל,3
שהובילו,4
שהוקמה,3
שהוקפאה,4
שהורים,3
שהחוק,3
שהחליטה,4
שהחקיקה,5
שהטיעון,4
שהיא,2
שהיה,2
שהיו,3
שהייתה,3
שהם,2
שהמהלך,5
שהמטוס,4
שהמילה,4
שהמכללות,5
שהמלצות,4
שהממשלה,5
שהמציאות,5
שהמשטרה,5
שהמשרות,4
שהן,2
שהנשיא,4
שהעניק,4
שהפוליטיקאים,7
שהציבור,4
שהציע,4
שהצליחה,4
שהרבה,3
שהריבוי,4
שהשאירה,4
שהתחלות,4
שהתמיכה,4
שהתנגדו,4
שהתקציב,4
שהתרופה,4
שואה,2
שוב,1
שוהים,2
שוודיה,2
שוויון,2
שוטרים,2
שולחים,2
שולי,2
שום,1
שומע,3
שונאים,2
שונה,2
שונים,2
שועפט,3
שופט,2
שופטות,2
שופטי,2
שופטים,2
שורדים,2
שורה,2
שותף,2
שזה,2
שזו,2
שח,1
שחבר,3
שחוננים,4
שחוק,2
שחוקק,3
שחוקקה,3
שחוקקו,3
שחיות,3
שחיים,3
שחיקה,2
שחיקת,2
שחיתות,2
שחתום,3
שטוב,2
שטחה,2
שטייניץ,2
שטען,3
שטפלו,3
שי,1
שיאיר,3
שיגיע,4
שיגע,2
שידוע,2
שידור,2
שידעה,3
שיהיה,3
שיותר,3
שיזמנו,3
שיטה,2
שיטת,2
שייתכן,4
שיכולים,3
שילדים,4
שילכו,3
שילמו,2
שילמנו,3
שים,1
שימוע,3
שימוש,2
שינה,2
שינוי,2
שיניים,3
שינינו,3
שיעור,2
שיעורם,3
שיעסוק,4
שיפרנו,3
שיפתח,4
שיצאו,3
שיצביעו,4
שיציגו,4
שיקום,2
שירד,3
שירדה,3
שירות,2
שיש,2
שישה,2
שכביכול,4
שכונה,2
שכונות,2
שכיבד,3
שכל,2
שכמה,3
שכמות,3
שכמעט,3
שכן,2
שכנראה,4
שכר,2
שכשאתה,4
שכתב,3
שכתוב,3
של,1
שלא,2
שלב,2
שלבגץ,4
שלה,2
שלהם,3
שלו,2
שלום,2
שלוקחות,3
שלוש,2
שלושה,2
שלח,2
שלחם,3
שלטון,2
שלי,2
שליש,1
שלך,2
שלכם,3
שלם,2
שלמה,2
שלממשלה,5
שלמרות,3
שלנו,3
שלפי,3
שלשלוח,4
שם,1
שמאוד,3
שמאז,3
שמאחורי,5
שמאל,2
שמאמצת,5
שמאפשר,4
שמאפשרות,5
שמבחינת,4
שמבקר,4
שמגיע,4
שמגיעים,4
שמדד,3
שמדובר,4
שמדליף,3
שמהווה,4
שמואל,1
שמוביל,3
שמוחקת,4
שמונה,2
שמוניתי,4
שמוציאים,4
שמושיטה,4
שמחייב,4
שמחליפים,4
שמטפל,4
שמייצאת,4
שמישהו,4
שממשיכים,4
שמנסים,4
שמספר,4
שמעתי,3
שמפוקחות,5
שמפרות,3
שמצאנו,4
שמקבלת,5
שמקיימות,4
שמרוויחות,4
שמרנים,3
שמשטרה,4
שמשמר,3
שמשנת,3
שמשפיעה,4
שמשקיעה,4
שמשקיעים,4
שמשתמט,4
שמשתמשת,5
שמתחזים,4
שמתנגדות,4
שמתנגדים,4
שנאלצו,4
שנאמר,4
שנאספו,4
שנבנו,3
שנה,2
שנוסע,4
שנות,1
שנותרה,3
שנחקר,3
שני,2
שניט,2
שנים,2
שניתן,3
שניתנו,3
שנכנס,3
שנמצאות,4
שנמצאת,3
שנערכים,5
שנקנה,3
שנרצחו,4
שנת,1
שנתי,2
שנתיים,3
שנתית,2
שנתן,3
שנתנו,3
שנתניהו,5
שס,1
שסבאא,3
שסוכם,3
שסנהדרין,4
שעברה,3
שעד,2
שעה,2
שעובדים,3
שעוברים,3
שעוד,2
שעוזבים,3
שעולה,3
שעושים,3
שעל,2
שעלה,3
שעליו,3
שעמד,3
שעמלת,4
שערורייה,5
שעשה,3
שעשו,3
שעשויה,4
שעשיתי,4
שעשרים,3
שעתיים,4
שפה,2
שפוגע,4
שפועל,3
שפורסמה,4
שפות,2
שפטורים,3
שפיר,2
שפעלו,4
שפתאום,3
שצריך,3
שצריכים,3
שקבע,3
שקבעו,3
שקד,2
שקדמו,3
שקובע,4
שקוראים,3
שקורה,3
שקיבל,3
שקיבלנו,4
שקיים,3
שקיימים,4
שקיפות,2
שקל,2
שקלים,2
שקרה,3
שקשור,3
שקשורים,3
שר,1
שראינו,4
שראש,2
שרב,2
שרוב,2
שרון,2
שרוצים,3
שרי,2
שרים,2
שרצו,3
שרת,2
ששובתים,3
ששוללות,4
ששונות,3
ששופט,3
ששטראכה,3
ששימשו,3
ששינסקי,3
ששכר,3
ששם,2
ששר,2
שששווה,3
ששתקו,3
שתאפשר,4
שתהיה,3
שתוכנית,3
שתומכות,3
שתומכים,3
שתחנות,4
שתחפרו,4
שתי,2
שתיים,2
שתיק,2
שתל,2
שתמכו,3
שתקפו,3
שתראו,3
תאגיד,3
תאילנדי,3
תאילנדים,3
תבוא,2
תגיעו,3
תדייק,3
תהליכי,4
תואם,2
תואר,2
תובע,3
תוך,1
תוכנית,2
תומך,2
תומכים,2
תוספות,2
תוספת,3
תוצאות,3
תוצר,2
תושב,2
תושבים,3
תחבורה,3
תחוקק,3
תחושה,2
תחילת,2
תחנות,3
תחת,2
תטייל,3
תיירים,3
תיכון,2
תיפסק,3
תיצור,2
תיק,1
תיקים,2
תישאר,3
תיתן,2
תכלס,2
תכנון,2
תכניות,3
תכנית,2
תל,1
תלולה,2
תלך,2
תלכו,2
תלמיד,2
תלמידי,3
תלמידים,3
תלפיות,3
תמיד,2
תמיכה,2
תמיכתה,3
תמך,2
תמלוגים,3
תמצאו,3
תמר,2
תן,1
תנאי,1
תנאים,2
תנו,1
תעודת,3
תעשייה,4
תפונה,3
תפוקה,2
תפעלו,3
תפקידי,3
תפקידם,3
תקבל,3
תקדים,2
תקנות,3
תקנים,2
תקציב,2
תקציבי,3
תקציבית,3
תקרא,2
תקראנה,3
תקשורת,3
תראה,2
תרבות,2
תרומות,2
תרופות,2
תשאלו,3
תשובה,2
תשלום,2
תשעה,2
תשתית,2
תשתמשו,3
