,0
0,דיברו
1,על
2,מיליארד
3,נתניהו
4,אמר
5,מאות
6,מיליארדים
7,ועכשיו
8,בעצם
9,זה
10,ירד
11,וגם
12,בזה
13,מתגאים
14,בכיס
15,השני
16,אתם
17,משלמים
18,את
19,דרך
20,החשמל
21,שאנחנו
22,עליו
23,דולר
24,ליחידת
25,חום
26,במקום
27,ודרך
28,שלא
29,מטפלים
30,בזיהום
31,האוויר
32,בגלל
33,כדאי
34,להשתמש
35,בגז
36,טבעי
37,כל
38,אחד
39,מכם
40,משלם
41,בשנה
42,שקל
43,מיותרים
44,בחשבון
45,שלו
46,כתוצאה
47,ממתווה
48,הגז
49,לגרום
50,לכך
51,שאזרחי
52,ישראל
53,ישלמו
54,עבור
55,חברת
56,חשמל
57,תעשייה
58,כשהמחיר
59,בעולם
60,הוא
61,בין
62,והגז
63,אצלנו
64,פשוט
65,שערורייה
66,לפי
67,הכללים
68,של
69,ועדת
70,צמח
71,שהממשלה
72,אישרה
73,אותם
74,אם
75,אני
76,זוכר
77,נכון
78,או
79,קצת
80,לאחר
81,מכן
82,חברות
83,היו
84,צריכות
85,לבנות
86,צינור
87,נוסף
88,ממאגר
89,תמר
90,לחוף
91,לא
92,אשדוד
93,לאשקלון
94,בכנס
95,איפאק
96,האחרון
97,הייתה
98,דרמה
99,כי
100,באיפאק
101,נאמר
102,בפעם
103,הראשונה
104,אנחנו
105,תומכים
106,בפתרון
107,שתי
108,המדינות
109,שעל
110,דיברתי
111,הצמיחה
112,בישראל
113,כמעט
114,אפסית
115,הגענו
116,למצב
117,שאין
118,צמיחה
119,לנפש
120,היא
121,כלום
122,שהתחלות
123,הבנייה
124,יורדות
125,שוב
126,גם
127,ברבעון
128,הזה
129,הן
130,ירדו
131,יש
132,ארגון
133,האום
134,שמטפל
135,מיליון
136,פליטים
137,UNHCR
138,מעסיק
139,פקידים
140,אונרא
141,בכחמישה
142,פלסטינים
143,פי
144,שתיים
145,וחצי
146,מה
147,OECD
148,במספר
149,ההרוגים
150,ובמספר
151,הפצועים
152,קשה
153,יור
154,ההסתדרות
155,שבתקופה
156,ותבדקו
157,אותי
158,מספר
159,ימי
160,השביתה
161,המינימליים
162,בעשרים
163,שנה
164,האחרונות
165,בירידת
166,תוצר
167,בתוצר
168,מול
169,מדינות
170,מתקדמות
171,בירידה
172,חוק
173,ההסדרה
174,בא
175,לתת
176,מענה
177,לאלפי
178,יחידות
179,דיור
180,שנבנו
181,בתקציבים
182,המדינה
183,והתברר
184,שיש
185,בעיה
186,קרקעית
187,והוא
188,לכאורה
189,להסדיר
190,העובדים
191,הזרים
192,מאוד
193,הפלסטינים
194,עלה
195,זאת
196,אומרת
197,סך
198,שיעורם
199,בקרב
200,קרוב
201,אלף
202,שנמצאות
203,בבנייה
204,עוד
205,כמות
206,כזו
207,אישרנו
208,ונמצאים
209,בשלבי
210,תכנון
211,שונים
212,בתחילת
213,שנות
214,התשעים
215,רב
216,עירוני
217,היה
218,מוסמך
219,לעשות
220,גיור
221,רק
222,העבירה
223,לטובת
224,האנשים
225,שפעלו
226,בצ
227,רנוביל
228,ביתנו
229,אותו
230,דיברנו
231,הכנסת
232,מינימום
233,לכל
234,הגמלאים
235,להביא
236,משכר
237,המינימום
238,במשק
239,קריטריון
240,שקבע
241,משתייכים
242,אליו
243,בכל
244,בסך
245,הכל
246,מפקחות
247,מעונות
248,יום
249,פקחי
250,בנייה
251,אבל
252,משגיחי
253,כשרות
254,צהל
255,בעצמו
256,אומר
257,שמשנת
258,הולך
259,לצמצם
260,המגויסים
261,מתוך
262,הפנמה
263,צורך
264,בכמות
265,כזאת
266,חיילים
267,במגזר
268,החרדי
269,החילוני
270,גירוש
271,משפחות
272,המחבלים
273,צעד
274,שעשו
275,יצחק
276,רבין
277,כראש
278,ממשלה
279,מטעם
280,מפלגת
281,העבודה
282,עשה
283,ביצע
284,הגירוש
285,אגב
286,במספרים
287,קטנים
288,בכלל
289,כמה
290,עשרות
291,אלפים
292,אולי
293,יותר
294,שנאלצו
295,לעזוב
296,בתיהם
297,משום
298,שהם
299,הפסידו
300,במלחמה
301,מינויה
302,הפרופ
303,יעל
304,אמיתי
305,אושר
306,בשל
307,עמדותיה
308,אלא
309,תמיכתה
310,בסרבנות
311,לשירות
312,בצהל
313,דבר
314,שמהווה
315,עבירה
316,החוק
317,האדם
318,שעליו
319,מבקר
320,קנה
321,שלטון
322,בכסף
323,בעניין
324,פרשת
325,העמותות
326,באופן
327,אישי
328,עשיתי
329,חסר
330,תקדים
331,פסלתי
332,אותה
333,אישית
334,בלד
335,פעם
336,שאני
337,לכותל
338,כדי
339,לראות
340,מליוני
341,רפורמים
342,מתפללים
343,שם
344,אין
345,אף
346,זו
347,רחבה
348,ריקה
349,הם
350,פה
351,נמצאים
352,בארהב
353,להם
354,ירידה
355,אמון
356,לפני
357,שנים
358,הגיעו
359,אז
360,שהפוליטיקאים
361,פחות
362,מי
363,מנחם
364,הורדנו
365,אחרי
366,עשר
367,מחיר
368,המים
369,באחוז
370,ורבע
371,האכיפה
372,בתוך
373,הערים
374,באחריות
375,הרשויות
376,בתל
377,אביב
378,עיריית
379,תל
380,וכן
381,הלאה
382,משרד
383,החקלאות
384,חנויות
385,מסחר
386,שלם
387,בחנויות
388,אלקטרוניקה
389,הלבשה
390,הנעלה
391,החנויות
392,האלה
393,פתוחות
394,דובר
395,כאן
396,בנושא
397,הכי
398,משמעותי
399,יוקר
400,מחיה
401,כמו
402,שראינו
403,חודשיים
404,כשמחירי
405,עלו
406,היתר
407,הסכם
408,היקר
409,ישב
410,בכלא
411,סחר
412,בסמים
413,טוען
414,שטפלו
415,לו
416,ותפרו
417,תיק
418,צריך
419,לומר
420,האמת
421,הוויקיפדיה
422,אדלשטיין
423,ביקש
424,לתקן
425,בן
426,הגדיל
427,מכסת
428,הסגנים
429,אתה
430,יודע
431,כסף
432,עולה
433,לציבור
434,מיליונים
435,המחיר
436,מאז
437,שאדלשטיין
438,הוציא
439,לחופשה
440,כפויה
441,אחמד
442,טיבי
443,משתלט
444,וכבר
445,מכתיר
446,עצמו
447,באין
448,מפריע
449,בשידור
450,ישיר
451,CNN
452,לראש
453,ממשלת
454,הספיק
455,רכב
456,הסקודה
457,הלך
458,ורכש
459,לעצמו
460,רכבי
461,יוקרה
462,יפ
463,לימוזין
464,טויוטה
465,חדש
466,מכספי
467,המסים
468,מהכסף
469,שלכם
470,התחדש
471,ברכבים
472,כמובן
473,רצה
474,ועוד
475,כרגע
476,שקובע
477,פקודת
478,הנישואין
479,שכל
480,שדואג
481,לחתן
482,אחר
483,ללא
484,רישום
485,דינו
486,שנתיים
487,מאסר
488,עיר
489,שמאל
490,בבחירות
491,מתושבי
492,העיר
493,הצביעו
494,למפלגות
495,ימין
496,בסוף
497,כשנשדר
498,האירוויזיון
499,מוכרים
500,זכויות
501,שידור
502,הכנסות
503,מחסויות
504,מפרסומות
505,מכרטיסים
506,ממרצ
507,נדייז
508,מסביב
509,בעזה
510,חיים
511,מקומיים
512,ילידים
513,מהגרים
514,מישראל
515,ממצרים
516,מסוריה
517,מלבנון
518,החמאסניקים
519,אנשי
520,האדמה
521,נולדו
522,מרביתם
523,מעל
524,שני
525,שליש
526,מהם
527,מכל
528,מיני
529,מקומות
530,לכן
531,חיבור
532,הפעם
533,שהאמריקאים
534,מציעים
535,ון
536,קרי
537,הציע
538,תכנית
539,הרייטינג
540,התאגיד
541,למרות
542,חצי
543,כבר
544,שהוא
545,רץ
546,יכול
547,להוביל
548,פיצול
549,החדשות
550,יכולה
551,להיות
552,אופציה
553,ערוץ
554,רשום
555,שזה
556,חוקקתי
557,הדגל
558,וההמנון
559,ואנשים
560,יודעים
561,למיליארד
562,מבחינה
563,פרופורציונית
564,מתוקצב
565,במערב
566,ראשית
567,ראש
568,הממשלה
569,להתפטר
570,מדינה
571,שמשטרה
572,חוקתי
573,ומארג
574,וערב
575,פרט
576,התייחסות
577,בחוקי
578,היסוד
579,שלה
580,להיותה
581,מדינת
582,הלאום
583,העם
584,היהודי
585,הפכה
586,הציונות
587,לשטח
588,מת
589,בניגוד
590,לדיווחים
591,שגויים
592,בתקשורת
593,להחלטה
594,עלות
595,תקציבית
596,שהמשרות
597,קיימות
598,שהן
599,יבנו
600,בסיס
601,תקנים
602,קיימים
603,הקונגרס
604,ברובו
605,הגדול
606,תומך
607,דמוקרטים
608,רפובליקנים
609,הנתונים
610,שנאספו
611,חקיקתו
612,מעידים
613,כאלף
614,עדים
615,שהייתה
616,טעות
617,לחוקק
618,מקשה
619,נכים
620,שימוש
621,בחוות
622,דעת
623,ובשירותים
624,משפטיים
625,שיכולים
626,להועיל
627,בהוכחת
628,טענתם
629,הביטוח
630,הלאומי
631,הפליטים
632,מביניהם
633,שהגיעו
634,מאזורי
635,סכסוך
636,בעיקר
637,מדרפור
638,זוכים
639,להגנה
640,ולמעמד
641,פליט
642,ברגע
643,שאתה
644,עובר
645,נחשב
646,יכולים
647,להיחשב
648,במצרים
649,אמנת
650,מהמינויים
651,מהשופטים
652,שופטות
653,בשטחי
654,יהודים
655,וכמאה
656,ערבים
657,בשנים
658,ועדות
659,השחרורים
660,נתנו
661,לפחות
662,ופחות
663,אנשים
664,מהאנשים
665,קיבלו
666,מסתכלים
667,אחוזי
668,המעבר
669,האוניברסיטאות
670,היום
671,הבעיה
672,הצפה
673,גדולה
674,במכללות
675,שבא
676,ועבר
677,קונסרבטיבי
678,רפורמי
679,בחול
680,נרשם
681,כיהודי
682,כשיושב
683,הלשכה
684,לשעבר
685,יורי
686,גיא
687,רון
688,חשוד
689,בשוחד
690,בטענות
691,לשופטים
692,הדביק
693,שכר
694,הבכירים
695,תמיד
696,מוגבל
697,בחברות
698,ציבוריות
699,ובשום
700,מקום
701,זמן
702,שהתרופה
703,בסל
704,מוסיפה
705,חטא
706,פשע
707,לוקחת
708,מעמ
709,תרופות
710,שהורים
711,קונים
712,לספק
713,אותן
714,לילדים
715,שלהם
716,ומובילות
717,באירופה
718,ויתרו
719,בהקשר
720,סתיו
721,ואחרים
722,שעוזבים
723,מפלגות
724,נבחרו
725,במסגרות
726,פוליטיות
727,ששם
728,המנדט
729,שששווה
730,מימון
731,בחירות
732,יומיים
733,בית
734,המשפט
735,המחוזי
736,איזה
737,מנגנון
738,דחה
739,הטענות
740,וחייב
741,לממשלה
742,רוב
743,בוועדה
744,למינוי
745,שופטים
746,מחירי
747,הדירות
748,שכמות
749,אתרי
750,הבניה
751,הלכה
752,וגדלה
753,אל
754,תשתמשו
755,בסטטיסטיקה
756,כבסיס
757,הידע
758,האחרונה
759,העלנו
760,בהסכם
761,הקואליציוני
762,כתוב
763,שב
764,חוקי
765,יסוד
766,הסכמה
767,מרכיבי
768,בזמן
769,שהוקמה
770,הוקמה
771,רשות
772,לשיקום
773,אחרים
774,היותר
775,אדם
776,שבע
777,בזמני
778,גירשתי
779,למעלה
780,מסתננים
781,מענק
782,עזיבה
783,תקרא
784,לזה
785,ועזבו
786,מרצונם
787,חושב
788,שהדבר
789,ממש
790,רצוי
791,ולא
792,ראוי
793,דעתי
794,ואגב
795,דעתם
796,אזרחי
797,ההטבה
798,הזאת
799,לכולם
800,עכשיו
801,המאזינים
802,שיגיע
803,לדימונה
804,לערד
805,לירוחם
806,לאופקים
807,לנתיבות
808,לשדרות
809,תגיעו
810,ניתן
811,לכם
812,קרקע
813,ופטור
814,ממכרז
815,סבסוד
816,עלויות
817,הפיתוח
818,וניתן
819,הטבות
820,מס
821,ציפי
822,לבני
823,בכנסת
824,חתמה
825,עם
826,הסעיף
827,במהלך
828,השנתיים
829,המחירים
830,עשור
831,עלייה
832,כשנה
833,רשת
834,אחת
835,סופר
836,פארם
837,Be
838,גו
839,ביטלנו
840,הנושא
841,הבלעדיות
842,בקניונים
843,העולם
844,כולל
845,בגרמניה
846,לאחרונה
847,מוציאים
848,מחוץ
849,לחוק
850,BDS
851,האנטישמיים
852,העלאת
853,מסים
854,מדכאת
855,המשק
856,מורידה
857,מעלה
858,האבטלה
859,בדיוק
860,שקרה
861,בתקופתו
862,לפיד
863,נגידים
864,אומרים
865,להעלות
866,אמרו
867,וב
868,מתי
869,אחוז
870,האימהות
871,שחיות
872,בלי
873,נישואין
874,האמהות
875,החד
876,הוריות
877,גדל
878,השנים
879,השתנו
880,שכן
881,השתנה
882,היקפי
883,שגדלו
884,מצב
885,הגיוני
886,שרב
887,נבחר
888,החיים
889,מגמה
890,ברורה
891,כשהממשלה
892,ביטלה
893,השוויון
894,בנטל
895,עתיד
896,הובילה
897,הקודמת
898,התמתנות
899,העלייה
900,וזה
901,ככה
902,נמשך
903,אולמרט
904,בסופו
905,זוכה
906,מהפרשה
907,בגינה
908,קראו
909,יחסי
910,החוץ
911,נמצאת
912,קשרים
913,דיפלומטים
914,מאשר
915,אי
916,בעבר
917,באיזושהי
918,נקודת
919,הריבוי
920,עדי
921,ואני
922,מכיר
923,במדינת
924,שידעה
925,ארגוני
926,פשיעה
927,ושידעה
928,רוצחים
929,אנסים
930,בתולדות
931,שהיו
932,נגדו
933,שלושה
934,מסמן
935,לי
936,למשטרה
937,באמת
938,ראיות
939,פסקת
940,ההתגברות
941,פתרון
942,לסוגיות
943,כאלה
944,סעיף
945,למשל
946,החלטה
947,נוכל
948,להתגבר
949,פסיקת
950,העליון
951,קובע
952,שאנשים
953,שתומכים
954,בעמדות
955,הללו
956,צריכים
957,ההשעיה
958,שאם
959,חכ
960,עמד
961,בתבחיני
962,יוכל
963,להיבחר
964,לכנסת
965,כהונתו
966,תיפסק
967,ושוב
968,הדבר
969,נמנע
970,ידי
971,ביהמש
972,תחת
973,כהונת
974,ויותר
975,חרדים
976,מתגייסים
977,לצהל
978,ועד
979,שיעור
980,כלי
981,הנשק
982,הפרטיים
983,ששימשו
984,במעשי
985,רצח
986,במשפחה
987,מעשים
988,נוראיים
989,להלחם
990,בהם
991,עומד
992,שמאפשרות
993,פונדקאות
994,לזוגות
995,מאותו
996,מין
997,ארהב
998,וקנדה
999,הזעקה
1000,איראן
1001,בואו
1002,נגיד
1003,שוודיה
1004,דנמרק
1005,צרפת
1006,ובלגיה
1007,כשאנחנו
1008,בודקים
1009,בשני
1010,העשורים
1011,האחרונים
1012,מוצאים
1013,בערך
1014,בוצעו
1015,נשק
1016,פרטיים
1017,מהמקרים
1018,האחרים
1019,המשפחה
1020,אירעו
1021,בסכין
1022,גרזן
1023,פטיש
1024,חניקה
1025,כזה
1026,שמחייב
1027,המשטרה
1028,לשמור
1029,מוצגים
1030,כץ
1031,נחקר
1032,בפרשיית
1033,התעשייה
1034,האווירית
1035,החליט
1036,היועמש
1037,להגיש
1038,כתבי
1039,אישום
1040,וקיים
1041,שימוע
1042,שבועיים
1043,אינני
1044,מגיש
1045,נגדך
1046,כתב
1047,קיבלתי
1048,טענותיך
1049,בשימוע
1050,בעשור
1051,מעולם
1052,בקשרים
1053,דיפלומטיים
1054,בנקודת
1055,הזמן
1056,הזו
1057,טילים
1058,מעזה
1059,אגיד
1060,לך
1061,חמש
1062,צוק
1063,איתן
1064,אפס
1065,אזרחים
1066,ישראלים
1067,הרוגים
1068,טועה
1069,תקציב
1070,החינוך
1071,עבר
1072,הביטחון
1073,כולה
1074,משתמשים
1075,קבועים
1076,הזכאים
1077,לבגרות
1078,ברמת
1079,מרשים
1080,בכפר
1081,נראה
1082,לגיטימי
1083,פער
1084,כך
1085,גדול
1086,במערכת
1087,בעיר
1088,למה
1089,שונה
1090,ועל
1091,בהובלת
1092,שעמד
1093,בראש
1094,חוקה
1095,מיקי
1096,כשהצביעו
1097,בשבילו
1098,חברי
1099,הליכוד
1100,וכמות
1101,ענקית
1102,אוהב
1103,ההפגנות
1104,שעושים
1105,היועץ
1106,המשפטי
1107,האמנה
1108,הבינלאומית
1109,כפליט
1110,מסתנני
1111,עבודה
1112,נטו
1113,מפורש
1114,פסיקות
1115,משפט
1116,שמפרות
1117,הסטטוס
1118,קוו
1119,הקואליציה
1120,מחוייבת
1121,בחקיקה
1122,תאילנדים
1123,שעובדים
1124,תאילנדי
1125,שהגיע
1126,לארץ
1127,בחקלאות
1128,חזר
1129,בחזרה
1130,הסינים
1131,שבאים
1132,לכאן
1133,ואותו
1134,עובדי
1135,הסיעוד
1136,שאפשר
1137,בריאות
1138,וחינוך
1139,ועבודה
1140,שנתנו
1141,המוסמך
1142,היחידי
1143,תקנות
1144,הצעת
1145,הגיור
1146,שר
1147,הפנים
1148,בקדנציה
1149,שלי
1150,בארבע
1151,עזבו
1152,מרצון
1153,במגמת
1154,בנוסח
1155,החדש
1156,למעשה
1157,שינוי
1158,המצב
1159,הקיים
1160,המלצות
1161,העמדה
1162,לדין
1163,יהיו
1164,סיכום
1165,החקירה
1166,וההודעה
1167,לפרקליטות
1168,האם
1169,לביצוע
1170,יימשך
1171,כמקודם
1172,לגבי
1173,התרבות
1174,והאמנות
1175,בחברה
1176,הערבית
1177,השרה
1178,רגב
1179,הגבירה
1180,התקציבים
1181,שקלים
1182,ובשנה
1183,החשב
1184,הכללי
1185,האוצר
1186,הודיע
1187,שלפי
1188,החישובים
1189,תקבל
1190,תמלוגים
1191,הקרובות
1192,שילכו
1193,לחינוך
1194,לבריאות
1195,לקשישים
1196,לניצולי
1197,שואה
1198,ביולי
1199,אונסקו
1200,הכריז
1201,מערת
1202,המכפלה
1203,בחברון
1204,אתר
1205,מורשת
1206,עולמי
1207,פלסטיני
1208,גרוע
1209,מפייק
1210,ניוז
1211,היסטוריה
1212,מזויפת
1213,במאי
1214,הבריאות
1215,העולמי
1216,אימץ
1217,בחסות
1218,סורית
1219,שביקרה
1220,תנאי
1221,הגולן
1222,אירן
1223,נדרשה
1224,הגרעין
1225,להתוודות
1226,בפני
1227,הסוכנות
1228,לאנרגיה
1229,אטומית
1230,חד
1231,משמעי
1232,לקיום
1233,חייבת
1234,היחידה
1235,בטווח
1236,אלפי
1237,מיילים
1238,שבה
1239,הנוצרים
1240,שורדים
1241,משגשגים
1242,כוחו
1243,ברשימות
1244,המקומיות
1245,בכ
1246,הישג
1247,רשימות
1248,מחל
1249,פתחו
1250,הבחירות
1251,יכלו
1252,לסיים
1253,עד
1254,איש
1255,ציבור
1256,קיבל
1257,האפשרות
1258,לבקש
1259,תמיכה
1260,ועזרה
1261,מאמץ
1262,כביר
1263,שמשקיעים
1264,נגדי
1265,כשאני
1266,מחזיק
1267,כחכ
1268,משול
1269,להחזקה
1270,כאזרח
1271,פרטי
1272,כבישים
1273,מחלפים
1274,כביש
1275,קמ
1276,נוסע
1277,צפון
1278,דרום
1279,איפה
1280,שהמטוס
1281,נוחת
1282,בנתבג
1283,פתאום
1284,כולם
1285,מוחאים
1286,כפיים
1287,חפשו
1288,אצלה
1289,והם
1290,התמודדנו
1291,גירעונות
1292,גדולים
1293,נתמודד
1294,הבוקר
1295,שופט
1296,יחיד
1297,מחליט
1298,להקפיא
1299,בהחלטה
1300,מנומקת
1301,הרכב
1302,וללא
1303,שום
1304,דיון
1305,סתם
1306,לזמן
1307,ידוע
1308,ברוב
1309,אירופה
1310,ביום
1311,השבתון
1312,שבתון
1313,מוחלט
1314,לרבות
1315,תחבורה
1316,ציבורית
1317,בוודאי
1318,ובוודאי
1319,ואפילו
1320,בילוי
1321,תלכו
1322,בצרפת
1323,ציפורים
1324,מצייצות
1325,ברחובות
1326,וזהו
1327,הסקרים
1328,שנערכים
1329,ברשות
1330,הפלסטינית
1331,מדברים
1332,עזה
1333,שמאוד
1334,רוצים
1335,להגר
1336,רבות
1337,אחוזים
1338,מקרב
1339,צעירי
1340,יהודה
1341,ושומרון
1342,שרוצים
1343,לחפש
1344,במדינות
1345,אחרות
1346,בתקציב
1347,הקודם
1348,קק
1349,במסגרתו
1350,למדינה
1351,והמדינה
1352,התחייבה
1353,התחייבות
1354,מעוגנת
1355,בהחלטת
1356,מקק
1357,שנת
1358,במסגרת
1359,לקדם
1360,הביקורת
1361,מתייחסת
1362,לתקופה
1363,כיהנתי
1364,הייתי
1365,מעורב
1366,ברגבים
1367,באופק
1368,המבקר
1369,מפורשות
1370,שהתמיכה
1371,חוקית
1372,אושרה
1373,קונקרטי
1374,יועצים
1375,המועצה
1376,המשפטים
1377,שאלתי
1378,משרדי
1379,למנות
1380,קב
1381,במכרז
1382,פומבי
1383,מסודר
1384,ואתה
1385,מבקש
1386,פטור
1387,בפיו
1388,הסברים
1389,מניחים
1390,הדעת
1391,ולכן
1392,חבריי
1393,ואנחנו
1394,סירבנו
1395,לאשר
1396,הבקשה
1397,ושלחנו
1398,לבצע
1399,מכרז
1400,התהליך
1401,ברור
1402,קיים
1403,בחופש
1404,העיסוק
1405,מאזרחי
1406,שמרנים
1407,רפובליקאים
1408,שמתנגדים
1409,לנישואים
1410,מיניים
1411,הרוב
1412,יהודי
1413,מזדהים
1414,כשייכים
1415,לשום
1416,זרם
1417,רחבת
1418,התפילה
1419,המעורבת
1420,בכותל
1421,באים
1422,להתפלל
1423,בה
1424,קומץ
1425,פרובוקטורים
1426,קודם
1427,ממשל
1428,צבאי
1429,רוצה
1430,לחזור
1431,שהיה
1432,בראשית
1433,האיוולת
1434,הגדולה
1435,הסכמי
1436,אוסלו
1437,דוד
1438,הבתים
1439,יוצא
1440,מן
1441,הכלל
1442,נרכשו
1443,מלא
1444,כדת
1445,וכדין
1446,הביקוש
1447,במלונות
1448,בארץ
1449,ההיצע
1450,מכיוון
1451,שעשרים
1452,בנו
1453,מלון
1454,איך
1455,מדובר
1456,בעבירות
1457,בתחתית
1458,המדרג
1459,הפלילי
1460,שחיים
1461,ביהודה
1462,הנחיית
1463,יועמש
1464,ואם
1465,בלתי
1466,מאפשר
1467,קיום
1468,אירוע
1469,הדתי
1470,במדד
1471,אוניברסיטת
1472,חיפה
1473,ובסקר
1474,המכון
1475,הישראלי
1476,לדמוקרטיה
1477,אפשר
1478,ישנה
1479,שחיקה
1480,מתמדת
1481,הציבור
1482,יורד
1483,בבית
1484,בפרקליטות
1485,במוסד
1486,הייעוץ
1487,חזל
1488,שסנהדרין
1489,מוציאה
1490,להורג
1491,בשבעים
1492,נחשבת
1493,סנהדרין
1494,קטלנית
1495,הרבה
1496,ממה
1497,שמוציאים
1498,מערב
1499,מתוקנות
1500,הצענו
1501,דרכים
1502,להבאת
1503,אמוניה
1504,כה
1505,לנו
1506,תשובה
1507,לאף
1508,מהן
1509,במשך
1510,ארבעה
1511,חודשים
1512,שילמנו
1513,לעובדים
1514,תפוקה
1515,מבלי
1516,במפעל
1517,שנכנס
1518,לעסק
1519,גוף
1520,המחקר
1521,האיחוד
1522,האירופי
1523,ואחריו
1524,ביהד
1525,לזכויות
1526,קבעו
1527,שהמציאות
1528,השתנתה
1529,צפויים
1530,למס
1531,מהכנסתם
1532,לאריתריאה
1533,לעונשי
1534,כבדים
1535,בנסיבות
1536,לבחון
1537,מחדש
1538,מדיניותינו
1539,כלפי
1540,להגיע
1541,לאיזון
1542,האיזון
1543,לכלול
1544,התגברות
1545,כפי
1546,שקיים
1547,בהרבה
1548,דמוקרטיות
1549,מערביות
1550,קנדה
1551,מני
1552,מזוז
1553,קבע
1554,דאז
1555,עבירות
1556,מהסוג
1557,קבלת
1558,מתנות
1559,בשווי
1560,מעמידים
1561,תלך
1562,תטייל
1563,בג
1564,סר
1565,זרקא
1566,תראה
1567,ילדים
1568,עברית
1569,ללמוד
1570,שפות
1571,רשמיות
1572,חשוף
1573,הרי
1574,מפרסמים
1575,בשקיפות
1576,מלאה
1577,מפורסם
1578,פורסם
1579,משהו
1580,בפרשיות
1581,שרון
1582,שדברים
1583,כן
1584,הכניסו
1585,לכלא
1586,יהיה
1587,במקומות
1588,התבצע
1589,שחוננים
1590,מותו
1591,מייצאת
1592,חופשי
1593,עדיין
1594,קנאביס
1595,רצים
1596,מייצוא
1597,סמים
1598,כמדינה
1599,בגץ
1600,אישר
1601,והיום
1602,הכניסה
1603,לישראל
1604,לכלוא
1605,סהרונים
1606,ארוכה
1607,יסכימו
1608,לצאת
1609,מהארץ
1610,משפטית
1611,שהביאה
1612,רישיון
1613,מראש
1614,הפגנות
1615,עשינו
1616,המון
1617,פעולות
1618,שהובילו
1619,לירידה
1620,במעצרים
1621,בני
1622,הקהילה
1623,העתקה
1624,האזורים
1625,הנפרדים
1626,שחוקק
1627,בדרום
1628,אפריקה
1629,שאמר
1630,קהילה
1631,לחיות
1632,בנפרד
1633,דיבר
1634,העדפה
1635,עורר
1636,ביקורת
1637,שביהמש
1638,האפרטהייד
1639,ביטל
1640,שקורה
1641,חוזר
1642,כנראה
1643,מחלחל
1644,מספיק
1645,ראשי
1646,מועמדים
1647,גורף
1648,ושיטתי
1649,הפגנה
1650,קורה
1651,לה
1652,סמכות
1653,משטרתי
1654,בחוק
1655,לכתוב
1656,שאסור
1657,לחקור
1658,הנשיא
1659,באיטליה
1660,עזבתי
1661,העירייה
1662,וביטן
1663,מוותרים
1664,התוספת
1665,שלנו
1666,תחילת
1667,הזמנים
1668,שבוע
1669,ההצעת
1670,מבני
1671,עקום
1672,שהרבה
1673,פעמים
1674,מקבלים
1675,ההחלטות
1676,הפרקליטות
1677,שלוש
1678,ארבע
1679,מהרגע
1680,שהמשטרה
1681,אסור
1682,לפרסם
1683,המלצת
1684,קשר
1685,כתבתי
1686,מכתב
1687,ליועמש
1688,להבין
1689,נשען
1690,נותן
1691,לפעמים
1692,היתרים
1693,במשטר
1694,דמוקרטי
1695,במפורש
1696,כשאתה
1697,רומס
1698,נתון
1699,שנתן
1700,שי
1701,ניצן
1702,פרקליט
1703,תיקים
1704,ממליצה
1705,כותבת
1706,תשתית
1707,ראייתית
1708,סוגרת
1709,התיקים
1710,ההמלצות
1711,נוגע
1712,המשטרתיים
1713,שבתחום
1714,טיפול
1715,יחול
1716,איסור
1717,פירסום
1718,כאמור
1719,שמנסים
1720,לצייר
1721,מידי
1722,כמוכם
1723,וכמוני
1724,עולמם
1725,חרב
1726,עליהם
1727,פרסום
1728,ההמלצה
1729,דרמטי
1730,חמור
1731,בטוח
1732,התחיל
1733,אתמול
1734,משוכנע
1735,נעצר
1736,אצל
1737,השופטת
1738,ראית
1739,ששופט
1740,מקבל
1741,בקשה
1742,לימי
1743,מעצר
1744,קראתי
1745,הראיון
1746,הדס
1747,קליין
1748,ושם
1749,פורטה
1750,חלק
1751,מהחקירה
1752,אמרתי
1753,שהיא
1754,לעיתון
1755,והיא
1756,הדליפה
1757,מהמלצות
1758,מתקבלות
1759,שמשפיעה
1760,מערכת
1761,ההנחיות
1762,שמאז
1763,ומתמיד
1764,לפקידות
1765,לדרג
1766,הנבחר
1767,כפוף
1768,לאותו
1769,כלל
1770,ההחלטה
1771,הזאתי
1772,הרגולטורים
1773,שראש
1774,התקשורת
1775,שיציגו
1776,מממן
1777,כיוון
1778,הנחיות
1779,שצריך
1780,אבטחה
1781,ואבטחה
1782,מתייחס
1783,לאי
1784,נוהל
1785,בדברים
1786,שקשורים
1787,לעבודה
1788,שלך
1789,לדווח
1790,מחברים
1791,חובת
1792,דיווח
1793,קבלה
1794,שלום
1795,לבטל
1796,לבוא
1797,אלפיים
1798,חמשת
1799,התראה
1800,שעה
1801,היתה
1802,הפסדנו
1803,בהצבעה
1804,קולות
1805,יכולנו
1806,להעביר
1807,וראש
1808,תמך
1809,בהצעה
1810,מרוויח
1811,סגן
1812,יעלה
1813,הרכבת
1814,לצערי
1815,הרב
1816,שאת
1817,העבודות
1818,עושים
1819,בשבת
1820,בצפון
1821,העניין
1822,שבחקירה
1823,חסמו
1824,ונחקר
1825,יכולתי
1826,להישאר
1827,להתמנות
1828,לגור
1829,באופקים
1830,ולעבוד
1831,לוקח
1832,דקות
1833,לתל
1834,שהדלפות
1835,פליליות
1836,שמדליף
1837,שאומר
1838,ההדלפות
1839,העיתונאים
1840,במומנטום
1841,חזק
1842,נצחונות
1843,העברנו
1844,בעצרת
1845,הכללית
1846,גינוי
1847,החמאס
1848,כשזה
1849,מגיע
1850,כללים
1851,ודרשו
1852,שיהיה
1853,כשעברו
1854,הצעות
1855,נגד
1856,עברו
1857,רגיל
1858,דוח
1859,FBI
1860,מציין
1861,פשעי
1862,השנאה
1863,בארצות
1864,הברית
1865,מזכל
1866,צודקת
1867,בהתקפות
1868,שקוראים
1869,הצרפתי
1870,הומצא
1871,דודי
1872,אמסלם
1873,הראשון
1874,שהציע
1875,לאמץ
1876,משמעותית
1877,לאוויר
1878,ונוסח
1879,בעברית
1880,והוגש
1881,בימי
1882,כנסת
1883,מקדימה
1884,ישנן
1885,שכונות
1886,גדולות
1887,במזרח
1888,ירושלים
1889,ששונות
1890,שאר
1891,השכונות
1892,הערביות
1893,מחנה
1894,שועפט
1895,וכפר
1896,עקב
1897,התקבלה
1898,גדר
1899,הפרדה
1900,שטחה
1901,המוניציפלי
1902,שהשאירה
1903,לגדר
1904,הערכות
1905,שגרים
1906,המחוקק
1907,חשב
1908,שלשלוח
1909,הביתה
1910,להחליף
1911,ומשטר
1912,וקו
1913,אידאולוגי
1914,רף
1915,גבוה
1916,שתקפו
1917,המהלך
1918,מהאופוזיציה
1919,רובם
1920,המוחלט
1921,שיאיר
1922,בכיר
1923,ישבו
1924,בממשלה
1925,חרדיות
1926,חוקקו
1927,הכריזה
1928,חברון
1929,כאתר
1930,תוך
1931,התעלמות
1932,מוחלטת
1933,מההיסטוריה
1934,היהודית
1935,שורה
1936,החלטות
1937,שמוחקת
1938,האופי
1939,השיח
1940,הר
1941,הבית
1942,מוסלמי
1943,בלבד
1944,מהאוכלוסייה
1945,בירושלים
1946,מתגוררים
1947,מעבר
1948,לקו
1949,הירוק
1950,עובדה
1951,שאף
1952,שגרירות
1953,למערב
1954,לששת
1955,הימים
1956,ולשליטה
1957,הליך
1958,בשלב
1959,מתקדם
1960,שתהיה
1961,המלצה
1962,לגמרי
1963,לקואליציה
1964,לאופוזיציה
1965,בוועדת
1966,לדריסה
1967,חסרת
1968,חוקף
1969,עוקף
1970,שבגץ
1971,דעות
1972,שפוגע
1973,בזכויות
1974,עובדתית
1975,היינו
1976,ברצועת
1977,עוני
1978,סגר
1979,גירעון
1980,העביר
1981,משק
1982,במשבר
1983,בור
1984,תקציבי
1985,משתולל
1986,אבטלה
1987,גבוהה
1988,ושנתיים
1989,אחכ
1990,העברתי
1991,מהנמוכים
1992,מהנמוכות
1993,שינינו
1994,מהיסוד
1995,הניהול
1996,החברות
1997,הממשלתיות
1998,הוצאנו
1999,המינויים
2000,הפוליטיים
2001,והעברנו
2002,מהפסד
2003,שנתי
2004,קבוע
2005,לרווח
2006,הרבעון
2007,באוצר
2008,הדיור
2009,במקצת
2010,רלוונטי
2011,מפני
2012,המטרה
2013,שהחוק
2014,יעבור
2015,שנתניהו
2016,יוזמן
2017,לחקירה
2018,בפרשת
2019,הצוללות
2020,והאחרונה
2021,שמישהו
2022,לדון
2023,בחלוקת
2024,אהוד
2025,ברק
2026,בדצמבר
2027,שגם
2028,זרק
2029,פנימה
2030,לסל
2031,משטחי
2032,הגדה
2033,והתחילו
2034,האינתיפאדה
2035,השנייה
2036,הרשמית
2037,ולעולם
2038,מתבטאת
2039,בנושאים
2040,יעמדו
2041,ביעדים
2042,הסנקציות
2043,הפליליות
2044,מופעלות
2045,אוטומטי
2046,ילכו
2047,לבית
2048,סוהר
2049,הקמתה
2050,המזון
2051,שחיקת
2052,השכר
2053,הריאלי
2054,ההוצאות
2055,גדלות
2056,סטטיסטית
2057,מרוויחים
2058,העובדה
2059,שסבאא
2060,שולחים
2061,לבדוק
2062,המידע
2063,הביא
2064,באום
2065,ימים
2066,דוגמה
2067,לחורים
2068,בפיקוח
2069,לפנות
2070,ואז
2071,הזמינו
2072,ואת
2073,סבאא
2074,להיוולד
2075,בוילה
2076,בפריז
2077,בקטאר
2078,ולקבל
2079,בבוקר
2080,שבו
2081,נולד
2082,תעודת
2083,תושב
2084,אזרח
2085,צרפתי
2086,בקריאה
2087,ראשונה
2088,הפונדקאות
2089,המלא
2090,הזכויות
2091,הלהטבית
2092,ורק
2093,נפלה
2094,כניסתי
2095,למשרד
2096,בשיא
2097,משנתיים
2098,כשנתניהו
2099,פירק
2100,תלולה
2101,הורידה
2102,מתקציב
2103,הרשות
2104,הלאומית
2105,לחדשנות
2106,יחד
2107,ממיליארד
2108,המטוס
2109,סל
2110,מטוס
2111,שעולה
2112,החולים
2113,קונה
2114,כשהתוספת
2115,המפלגה
2116,שהצליחה
2117,גיוס
2118,שיניים
2119,שהוביל
2120,שיותר
2121,התגייסו
2122,יצאו
2123,לשוק
2124,סבא
2125,שלחם
2126,מלחמות
2127,קצבה
2128,תלמיד
2129,ישיבה
2130,שמשתמט
2131,מגיוס
2132,יקבל
2133,סידרו
2134,השארתי
2135,לנתניהו
2136,ממשלתיות
2137,שמרוויחות
2138,כשקיבלתי
2139,ההוצאה
2140,הציבורית
2141,עלתה
2142,ההכנסות
2143,מתחת
2144,לתחזיות
2145,גבו
2146,תפעלו
2147,מאלף
2148,בחודש
2149,חייל
2150,בודד
2151,משוחרר
2152,לחיילי
2153,מילואים
2154,עצמאים
2155,קידם
2156,ליברמן
2157,שפועל
2158,ובכל
2159,פועל
2160,צמצם
2161,הסיגריות
2162,צעירים
2163,ונזכיר
2164,מהמעשנים
2165,מתחילים
2166,בגיל
2167,צעיר
2168,תיכון
2169,גיל
2170,ששטראכה
2171,גורם
2172,בו
2173,אלמנט
2174,אנטישמי
2175,נאו
2176,נאצי
2177,עמדתי
2178,מבטאת
2179,השגרירה
2180,באוסטריה
2181,כשני
2182,פלוס
2183,מינוס
2184,מזרח
2185,הגיש
2186,הסתייגות
2187,תחנות
2188,הדלק
2189,נמצאות
2190,בשטחן
2191,המועצות
2192,האזוריות
2193,למועצות
2194,עזר
2195,במועצות
2196,אזוריות
2197,יכולת
2198,קיבלנו
2199,לידינו
2200,ובו
2201,עולים
2202,ובסך
2203,נבלם
2204,כשמישהו
2205,אליך
2206,יד
2207,מושטת
2208,מתנהג
2209,ברמאללה
2210,רמת
2211,הערבי
2212,מהדירות
2213,ציבורי
2214,תואם
2215,שאינן
2216,רווחה
2217,שבהן
2218,מחזיקים
2219,ממלאי
2220,כמלאי
2221,עודפים
2222,לבין
2223,הרשימה
2224,המשותפת
2225,הקודמות
2226,המרכולים
2227,שמשמר
2228,סטטוס
2229,נבע
2230,בעקבות
2231,פסילת
2232,דומה
2233,שדיבר
2234,ששר
2235,יצטרך
2236,להמליץ
2237,התייחסותו
2238,ופסל
2239,שולי
2240,מועלם
2241,מידת
2242,הטיפול
2243,שהעניק
2244,מההורים
2245,לקטין
2246,בשנתיים
2247,שקדמו
2248,לפירוד
2249,שניט
2250,קבעה
2251,טובת
2252,הילד
2253,חזרו
2254,למדינות
2255,אפריקאיות
2256,מתוכם
2257,השינוי
2258,ממנה
2259,שינה
2260,ממשלות
2261,מינו
2262,ועדה
2263,שבחרה
2264,עונש
2265,המוות
2266,רוסיה
2267,חוץ
2268,ממדינה
2269,מוות
2270,במדינה
2271,בבלרוס
2272,ובמזרח
2273,התיכון
2274,הפוך
2275,יאיר
2276,ממני
2277,הכלכלה
2278,כולו
2279,בצמיחה
2280,ובצמיחה
2281,והחזיר
2282,כלכלה
2283,שירדה
2284,רחוק
2285,מהמקום
2286,והטוב
2287,איטליה
2288,ומדינות
2289,לשלם
2290,איזשהו
2291,תשלום
2292,כלכלית
2293,ולהחזיר
2294,לאפריקה
2295,בהיסטוריה
2296,הכנרת
2297,מתקרבת
2298,השחור
2299,הארגון
2300,המשמעותי
2301,שמאחורי
2302,הכנס
2303,הבינלאומי
2304,הילדים
2305,פלסטין
2306,שחתום
2307,בראשות
2308,הראשונים
2309,מהמשבר
2310,הכלכלי
2311,הגלובלי
2312,והצטרפנו
2313,בשמאל
2314,ששוללות
2315,זכות
2316,קיומה
2317,יהודית
2318,נכנס
2319,לתפקיד
2320,שירד
2321,גז
2322,זיהום
2323,הפחם
2324,הורג
2325,הטבעי
2326,מציל
2327,דווקא
2328,צרות
2329,יחסית
2330,החזיקו
2331,מעמד
2332,והיו
2333,יציבות
2334,ואולי
2335,מממשלות
2336,איחוד
2337,לרסן
2338,האקטיביזם
2339,השיפוטי
2340,בשום
2341,אחרת
2342,ברמות
2343,תושבים
2344,ובית
2345,דן
2346,בממוצע
2347,עתירות
2348,ששינסקי
2349,שעשיתי
2350,כשר
2351,אוצר
2352,מהרווחים
2353,מהגז
2354,שעלה
2355,לשלטון
2356,עמותות
2357,קש
2358,ואנשיו
2359,בוז
2360,הרצוג
2361,ששתקו
2362,בחקירות
2363,שמבקר
2364,שייתכן
2365,שנקנה
2366,מטיף
2367,החשוד
2368,מתלמידי
2369,כיתות
2370,לומדים
2371,בחינוך
2372,ציוני
2373,מהצעירים
2374,מסיימים
2375,שירות
2376,ואין
2377,שמייצאת
2378,בכדי
2379,הולנד
2380,לחלוטין
2381,הקנאביס
2382,ניסיתי
2383,השלוש
2384,שכביכול
2385,נזף
2386,ברב
2387,פרץ
2388,ייתכן
2389,שבדרום
2390,עיוני
2391,לעומת
2392,חלקים
2393,הגירעון
2394,בהדסה
2395,חזרתי
2396,לתפקידי
2397,ושלושת
2398,רבעי
2399,כאשר
2400,ידעו
2401,מעורבים
2402,קום
2403,המשימה
2404,הוסכם
2405,היית
2406,שרת
2407,כשאף
2408,חרדי
2409,עשיתם
2410,הוספתי
2411,מיטות
2412,למערכת
2413,בבתי
2414,חולים
2415,ממשלתיים
2416,באמצע
2417,קדנציה
2418,באשדוד
2419,אסותא
2420,יהדות
2421,התורה
2422,שבהסכם
2423,דאגה
2424,הקדנציה
2425,שילמו
2426,ההתייקרות
2427,שהציבור
2428,משהם
2429,כשהמשרד
2430,מהתמת
2431,לכלכלה
2432,ומהכלכלה
2433,לרווחה
2434,שלב
2435,תוספת
2436,הועבר
2437,כאגף
2438,ממדינות
2439,להחזיר
2440,לשם
2441,אריתריאה
2442,סודן
2443,הנמוכות
2444,ביותר
2445,האובייקטיבי
2446,ואמנות
2447,לפליטים
2448,הסיפור
2449,גימיק
2450,פרובוקציה
2451,כצורך
2452,פוליטי
2453,לקראת
2454,המוניציפליות
2455,שתוכנית
2456,יצאה
2457,לילה
2458,כשישב
2459,במשרד
2460,המלחמה
2461,זכאים
2462,לקייטנות
2463,בשדרות
2464,הקשבת
2465,לנאום
2466,רבותי
2467,תנו
2468,לרשויות
2469,עבודתן
2470,הדברים
2471,הקביעה
2472,שאומרת
2473,שאדם
2474,לגנוב
2475,הגבול
2476,ולהיכנס
2477,בצורה
2478,להוציא
2479,בכפייה
2480,מטורף
2481,עניין
2482,לבחירה
2483,השופטים
2484,טקס
2485,נאה
2486,בעיניהם
2487,ואיזה
2488,להתייצב
2489,כללי
2490,הפרוטוקול
2491,כנציגים
2492,רשמיים
2493,נוצר
2494,התקדים
2495,ובעקבותיו
2496,פסיקה
2497,ואמר
2498,שלמרות
2499,שמבחינת
2500,הסמכות
2501,טכנית
2502,מהותית
2503,והשר
2504,חייב
2505,לחתום
2506,מקרה
2507,הסדר
2508,מלכתחילה
2509,הבהיר
2510,מעוניין
2511,בדבר
2512,בישיבת
2513,שרי
2514,חודש
2515,עצר
2516,החקיקה
2517,שקיבל
2518,ויכוח
2519,עצם
2520,הצורך
2521,יעסוק
2522,בעלות
2523,שכנראה
2524,שיעסוק
2525,צופה
2526,שבוטל
2527,קצב
2528,היציאה
2529,הגיע
2530,ללמעלה
2531,שיצאו
2532,מכאן
2533,והקצב
2534,וגדל
2535,מיידי
2536,צניחה
2537,לאפס
2538,היוצאים
2539,חולק
2540,פעלו
2541,בתום
2542,לב
2543,ושלא
2544,חשבו
2545,פרטית
2546,חסות
2547,אוטובוס
2548,שוטרים
2549,ומשמר
2550,הוועדה
2551,למעמד
2552,האישה
2553,תשעה
2554,חברים
2555,השתתפו
2556,יושבת
2557,הראש
2558,מהרשימה
2559,ונציג
2560,מרצ
2561,קוריאה
2562,חובה
2563,סיפרו
2564,דירות
2565,הוגשו
2566,בקשות
2567,להיתר
2568,זוגות
2569,אשליה
2570,דירה
2571,זכר
2572,פנייה
2573,הדין
2574,בהאג
2575,חתומים
2576,האמריקאי
2577,אפילו
2578,הגשר
2579,דחף
2580,שפתאום
2581,דוחף
2582,הפעלת
2583,הקו
2584,לירושלים
2585,גרמה
2586,נזקים
2587,הפסדים
2588,בתחום
2589,המטענים
2590,ודברים
2591,ההשקעה
2592,בתחבורה
2593,מבחינת
2594,סכומי
2595,מזה
2596,בכבישים
2597,שכתוב
2598,חשד
2599,לעבירות
2600,שיפרנו
2601,הבטיחות
2602,בדרכים
2603,משתכרים
2604,האיש
2605,חיזק
2606,גושי
2607,ההתיישבות
2608,שאולמרט
2609,בנה
2610,ממנו
2611,כח
2612,הקנייה
2613,האזרח
2614,קטן
2615,משל
2616,חבריו
2617,שתראו
2618,עליית
2619,מחירים
2620,לצרכן
2621,תשאלו
2622,עצמכן
2623,קיבלתם
2624,העלאה
2625,במשכורת
2626,בוא
2627,תדייק
2628,שיגע
2629,יקצץ
2630,ידו
2631,נו
2632,הסגן
2633,מקצץ
2634,ידיים
2635,בלהט
2636,שצריכים
2637,ילד
2638,חריג
2639,אוטיסט
2640,לומד
2641,חינוך
2642,מיוחד
2643,חל
2644,הבגץ
2645,מתעסק
2646,דואג
2647,למסתננים
2648,לילדי
2649,המסתננים
2650,החרדים
2651,דמוקרטית
2652,עליון
2653,חקיקה
2654,ומשרד
2655,בהסכמות
2656,לתקציב
2657,מתקופת
2658,פניות
2659,ביקשו
2660,מגוגל
2661,שבישראל
2662,יצלמו
2663,ברזולוציות
2664,נמוכות
2665,וכך
2666,גוגל
2667,אכן
2668,נוהגת
2669,ומתחשבת
2670,בצרכים
2671,הביטחוניים
2672,וביהודה
2673,שהריבוי
2674,למשפחה
2675,בשנת
2676,בנשיאותו
2677,אהרן
2678,להשיב
2679,מחבלים
2680,גירשנו
2681,הימין
2682,קיבלה
2683,משת
2684,פים
2685,ובני
2686,משפחותיהם
2687,בניו
2688,יורק
2689,סיטי
2690,בוושינגטון
2691,די
2692,סי
2693,בירת
2694,ארצות
2695,למכור
2696,אלכוהול
2697,ראשון
2698,ברשימה
2699,קצרה
2700,הודו
2701,ותאילנד
2702,להן
2703,שיטה
2704,בחירת
2705,מכהנים
2706,בוחרים
2707,שמחליפים
2708,החומוס
2709,אוכל
2710,והטחינה
2711,מטורקיה
2712,טראמפ
2713,הכיר
2714,המאוחדת
2715,כבירתנו
2716,השגרירות
2717,ממוקמת
2718,השכונה
2719,תלפיות
2720,כשארהב
2721,התנגדה
2722,להקמתו
2723,חבר
2724,הלאומים
2725,המאה
2726,העשרים
2727,הצטרפו
2728,שונאים
2729,הגלובליזם
2730,המלג
2731,נתן
2732,למכללות
2733,החרדיות
2734,תואר
2735,מבקשים
2736,שהמכללות
2737,שעד
2738,לימדו
2739,ימשיכו
2740,ללמד
2741,ותראו
2742,בעשרות
2743,ברישום
2744,לתואר
2745,הבאה
2746,בסמכותו
2747,לאכוף
2748,המקומית
2749,ירצה
2750,ביבס
2751,יאכוף
2752,מצע
2753,לליכוד
2754,נבנו
2755,בגדה
2756,המערבית
2757,מוטרדת
2758,מהבנייה
2759,העלה
2760,ביטן
2761,הצעה
2762,כמי
2763,שיזמנו
2764,השואה
2765,אלה
2766,שאומרים
2767,שוהים
2768,חוקיים
2769,נכנסו
2770,אוקראינים
2771,וביקשו
2772,מקלט
2773,מבקשי
2774,מסודן
2775,ואריתריאה
2776,לגרש
2777,בדקו
2778,מרכזי
2779,הסיוע
2780,מגיעות
2781,והמציאות
2782,העגומה
2783,שרוב
2784,המקרים
2785,שמגיעים
2786,נסגרים
2787,מהתיקים
2788,והפרקליטות
2789,נטלתם
2790,סמכותו
2791,השוטרים
2792,לאלף
2793,נפש
2794,המספרים
2795,הקטנים
2796,בפולין
2797,במשטרת
2798,בתכנית
2799,סאטירה
2800,שנרצחו
2801,טרור
2802,ברצינות
2803,להאריך
2804,השערות
2805,לחשוף
2806,השופט
2807,נתונים
2808,בשם
2809,טענה
2810,שמדובר
2811,בחומר
2812,חסוי
2813,רשאית
2814,תיתן
2815,מונח
2816,שחיתות
2817,רבב
2818,התקציב
2819,הביטחוני
2820,פעולתו
2821,בנימין
2822,הבייבי
2823,ביטחון
2824,שהטיעון
2825,הופרך
2826,האתיקה
2827,הדיון
2828,לגברת
2829,שפיר
2830,פעלתי
2831,קשור
2832,לניגוד
2833,עניינים
2834,נקי
2835,שהגשתי
2836,ניירת
2837,עמותה
2838,לעיריית
2839,קרית
2840,גת
2841,לקבל
2842,כספים
2843,כשעמדתי
2844,בראשה
2845,בזמנו
2846,בטח
2847,ובטח
2848,הקפדתי
2849,להשתתף
2850,בדיונים
2851,חשש
2852,יוגש
2853,במה
2854,שקשור
2855,לקבלת
2856,הפרת
2857,אמונים
2858,שזו
2859,עמה
2860,קלון
2861,יורשע
2862,חלילה
2863,להמשיך
2864,לכהן
2865,בתפקידו
2866,העתירה
2867,הנחה
2868,סמוך
2869,ובטוח
2870,שהמלצות
2871,יישארו
2872,חסויות
2873,בעיניו
2874,התייתרה
2875,רצינו
2876,לחסל
2877,ולסגור
2878,מטרה
2879,ומעולם
2880,הצבנו
2881,שהאירוויזיון
2882,עשו
2883,אירוויזיונים
2884,נצטרך
2885,חקיקתי
2886,תפקידם
2887,מובטח
2888,לשנים
2889,ארוכות
2890,שלממשלה
2891,השפעה
2892,שמעתי
2893,מדבר
2894,פלסטינית
2895,נאום
2896,בר
2897,אילן
2898,תקשורת
2899,פוליטיקה
2900,נחשבים
2901,כשוחד
2902,רהמ
2903,היחיד
2904,שכיבד
2905,שרים
2906,מנתה
2907,התחייבנו
2908,שתיק
2909,לאחד
2910,מאנשי
2911,הפתרון
2912,איילת
2913,שקד
2914,לקרנבל
2915,השחיתות
2916,השלטונית
2917,להדיח
2918,פוליטיקאי
2919,מכהן
2920,וואו
2921,עגמת
2922,חוסכים
2923,לאולמרט
2924,לקצב
2925,להירשזון
2926,דרעי
2927,נתוני
2928,חוקק
2929,ובגלל
2930,שעמלת
2931,התיווך
2932,הוזלה
2933,במייצגים
2934,נבהלת
2935,מהחוק
2936,לסגור
2937,עסקים
2938,תכלס
2939,בשטח
2940,עסק
2941,לשלוח
2942,פקחים
2943,האינטרס
2944,שאגב
2945,מניחה
2946,ויסגרו
2947,עובדים
2948,מנדלבליט
2949,לצוללות
2950,לבזק
2951,חמישה
2952,חוקים
2953,לבזות
2954,דגל
2955,וסמלי
2956,דה
2957,לגיטימציה
2958,כנגד
2959,חיילי
2960,לחתור
2961,לתקצב
2962,בסמכותה
2963,הממונה
2964,וחוקי
2965,הנכבה
2966,כחלק
2967,מחוק
2968,שנוסע
2969,לברלין
2970,ללונדון
2971,ולפריז
2972,שביום
2973,עושה
2974,קניות
2975,שטוב
2976,טוב
2977,כרמי
2978,גילון
2979,להתחבא
2980,נרצח
2981,שבעה
2982,הודח
2983,מתפקידו
2984,הטיימס
2985,סקוור
2986,נסגר
2987,בחייו
2988,למדינת
2989,אמרנו
2990,נעביר
2991,התאמות
2992,למשחק
2993,הבלתי
2994,הסרט
2995,הקמת
2996,שס
2997,שיפתח
2998,פסטיבל
2999,הקולנוע
3000,השטח
3001,רווי
3002,באתרים
3003,יהודיים
3004,שתחפרו
3005,תמצאו
3006,מטבע
3007,עתיקות
3008,והיסטוריה
3009,מלפני
3010,הבאנו
3011,תוספות
3012,הבאתם
3013,והקפאות
3014,הגדלתי
3015,גנץ
3016,בקבינט
3017,המבצע
3018,למנהרות
3019,משמעות
3020,ויכולות
3021,מקודם
3022,אלי
3023,ישי
3024,משרתים
3025,מסגרות
3026,בצבא
3027,ודווקא
3028,בתקופת
3029,המספר
3030,באו
3031,שחבר
3032,מביא
3033,ומחליטים
3034,להתלבש
3035,בעניינו
3036,צחי
3037,הנגבי
3038,להימנע
3039,מפרסום
3040,ומתח
3041,שעשה
3042,בפסק
3043,שניתן
3044,הנכבד
3045,רובן
3046,הסרק
3047,הקנטרניות
3048,והטורדניות
3049,כספית
3050,מהצבא
3051,סגור
3052,נשים
3053,נותנות
3054,חופשות
3055,לידה
3056,משנה
3057,חשבון
3058,לשני
3059,ההורים
3060,בהן
3061,העוני
3062,מהנשים
3063,פנו
3064,המשרד
3065,שנתית
3066,אצלי
3067,בגצ
3068,התערב
3069,עמדו
3070,ביעד
3071,הנמוכה
3072,איזו
3073,חרדית
3074,שכונה
3075,בנתה
3076,בשלושים
3077,הוכחה
3078,שכשאתה
3079,מפסיקים
3080,לעשן
3081,מצטמצם
3082,בינלאומיים
3083,שמדד
3084,הג
3085,יני
3086,נמוך
3087,רחוקים
3088,מגרמניה
3089,ששכר
3090,רעב
3091,אכפת
3092,לקדנציה
3093,מסיים
3094,נתתי
3095,ותבדוק
3096,טכנולוגיות
3097,היסע
3098,המונים
3099,אובר
3100,שלוקחות
3101,אותך
3102,מדלת
3103,לדלת
3104,בנוחות
3105,מדהימה
3106,וביעילות
3107,ובמחיר
3108,זול
3109,מאוטובוס
3110,רכבת
3111,לסכום
3112,פנומנלי
3113,שח
3114,לתלמיד
3115,לחודש
3116,במבחני
3117,ההשוואה
3118,הבינלאומיים
3119,תלמידי
3120,כשההשקעה
3121,מהסכום
3122,כביטוח
3123,לאומי
3124,קצבאות
3125,ושירות
3126,לאזרח
3127,הולכים
3128,הארץ
3129,מגיעים
3130,והארץ
3131,מצרים
3132,בשבוע
3133,בוצעה
3134,פריצת
3135,היסטורית
3136,ובמסגרתה
3137,נציגי
3138,ויצו
3139,לראשונה
3140,לדיוני
3141,ואף
3142,התחייבו
3143,לפתוח
3144,הארכיונים
3145,נוסח
3146,הממשלות
3147,החמיץ
3148,הזדמנות
3149,להצביע
3150,נישואים
3151,אזרחיים
3152,להטב
3153,התפרסם
3154,הנתון
3155,אשפוז
3156,המפותחות
3157,ממלכתי
3158,דתי
3159,הגיוס
3160,תפקידי
3161,הכפלנו
3162,מסיימי
3163,לימוד
3164,מתמטיקה
3165,מסדירים
3166,כיום
3167,מפורשת
3168,שלבגץ
3169,מותר
3170,לפסול
3171,בשבועות
3172,ואומר
3173,עצמם
3174,לשנות
3175,מעת
3176,לעת
3177,מתקבל
3178,בשתי
3179,עולם
3180,בהודו
3181,ובבנגלדש
3182,כשהם
3183,נושאים
3184,ואוזקים
3185,הידיים
3186,שברח
3187,מסכנת
3188,נשאיר
3189,נפקיר
3190,למותו
3191,הפניות
3192,בגברים
3193,יחס
3194,גברים
3195,לנשים
3196,זקנים
3197,אלו
3198,סימנים
3199,מובהקים
3200,להסתננות
3201,לצרכי
3202,פליטות
3203,ובריחה
3204,שבינתיים
3205,מקימים
3206,שנחקר
3207,הפקולטה
3208,לרפואה
3209,מהווה
3210,מנוע
3211,אדיר
3212,לאקדמיה
3213,ולמערכת
3214,שנמצאת
3215,במחסור
3216,ברופאים
3217,הוקם
3218,מלחמת
3219,כלקח
3220,למנוע
3221,במצבים
3222,אזור
3223,הלכו
3224,וירדו
3225,לשפל
3226,הגעתי
3227,וקיבלתי
3228,נועזת
3229,נכפיל
3230,והצלחנו
3231,שעברה
3232,תלמידים
3233,סיימו
3234,בהצלחה
3235,לקחתי
3236,מפלגה
3237,בחוב
3238,וצמצמתי
3239,בעבודה
3240,והשארתי
3241,פירקתי
3242,מונופול
3243,המלט
3244,נשר
3245,המונופול
3246,שופטי
3247,במינוי
3248,בכיתה
3249,הממוצע
3250,הארצי
3251,שיטת
3252,הדו
3253,מוצלחת
3254,שמשתמשת
3255,בחריין
3256,תוכנית
3257,הצפון
3258,שהובטחה
3259,ההבטחות
3260,הואשם
3261,פעל
3262,העירה
3263,אפשרה
3264,ולנהל
3265,הדיונים
3266,הופכת
3267,שעוד
3268,מאשרות
3269,גאים
3270,קיצצה
3271,בתקציבי
3272,והרווחה
3273,אסירים
3274,ביטחוניים
3275,נכנסים
3276,לבקר
3277,ולבדוק
3278,מתייחסים
3279,אליהם
3280,ובאיזה
3281,תנאים
3282,נכלאים
3283,להיכנס
3284,ביישובים
3285,הערביים
3286,בקואליציה
3287,וטו
3288,ניתנת
3289,אפנה
3290,ההסכמים
3291,הקואליציוניים
3292,שכתב
3293,ברובם
3294,ככולם
3295,מופיע
3296,מיגור
3297,השווינו
3298,הזקנה
3299,שניתנו
3300,לעולים
3301,החדשים
3302,לקצבאות
3303,לכלל
3304,הסיעות
3305,סיעות
3306,מסתכל
3307,בזכות
3308,סיעת
3309,כחצי
3310,בגילאי
3311,שמפוקחות
3312,מפוקחות
3313,שהחקיקה
3314,שבמקום
3315,שגזר
3316,דין
3317,יתקבל
3318,להתקבל
3319,כשהתמודדתי
3320,ביבי
3321,כיור
3322,ניצחתי
3323,ערי
3324,שקיבלנו
3325,בקרית
3326,שמונה
3327,סמל
3328,שמושיטה
3329,עזרה
3330,לסורים
3331,שמקבלת
3332,פצועים
3333,ומסייעת
3334,בסיוע
3335,הומניטארי
3336,בגבול
3337,השפה
3338,שפה
3339,רשמית
3340,מתדיין
3341,החומרים
3342,בערבית
3343,בבגץ
3344,בפתיחת
3345,האמריקאית
3346,הוזמנו
3347,חס
3348,וחלילה
3349,קח
3350,לדוגמא
3351,טרמאפ
3352,והאביב
3353,המדיני
3354,היקף
3355,הנמוך
3356,בדור
3357,מקפיאה
3358,בפועל
3359,החלת
3360,בונות
3361,מתיישבים
3362,אכלוס
3363,בניינים
3364,בגבעת
3365,שמואל
3366,שומע
3367,ממליצים
3368,כותבים
3369,הושגה
3370,השגת
3371,התשתית
3372,הראייתית
3373,המלאכה
3374,חוקרים
3375,המשפטנים
3376,בלמעלה
3377,ממאה
3378,שמקיימות
3379,תהליכי
3380,פנימיות
3381,פריימריז
3382,הקמפיין
3383,הפנימי
3384,המועמדים
3385,ממומן
3386,נפתחה
3387,בעיצומה
3388,העידו
3389,שחוק
3390,עליה
3391,מתקנת
3392,עוול
3393,היסטורי
3394,אנכרוניסטי
3395,מטופש
3396,שהחליטה
3397,שתל
3398,בשונה
3399,השגרירויות
3400,מוקמה
3401,הקים
3402,שגרירויות
3403,ברח
3404,מירושלים
3405,צומת
3406,שעוברים
3407,גרים
3408,אחראית
3409,מהתמג
3410,תחושה
3411,שכמה
3412,פוליטיקאים
3413,בתור
3414,לתאר
3415,היחסים
3416,נוני
3417,מוזס
3418,בתיק
3419,חשדות
3420,לפלילים
3421,הים
3422,לירדן
3423,תישאר
3424,מאוחדת
3425,התנחלות
3426,תפונה
3427,העקרונות
3428,שממשיכים
3429,ללוות
3430,אותנו
3431,בעיני
3432,מוסרי
3433,להרוס
3434,ולהחריב
3435,מהבתים
3436,תובע
3437,שטען
3438,הקרקע
3439,מאחר
3440,והתקיימה
3441,הטיה
3442,בשורה
3443,החל
3444,ממערת
3445,הכותל
3446,המערבי
3447,פרישה
3448,סוף
3449,השנה
3450,האזרחית
3451,חלש
3452,מעד
3453,אינטרסנט
3454,במהותו
3455,חזקות
3456,מכהנת
3457,כיה
3458,ניהלתי
3459,השיחות
3460,ומול
3461,מגובה
3462,הפרלמנט
3463,הצ
3464,שתמכו
3465,במעשה
3466,העקירה
3467,לקדימה
3468,שהתנגדו
3469,נשארו
3470,שנותרה
3471,במפה
3472,הפוליטית
3473,ציונות
3474,והבית
3475,סיפוח
3476,השטחים
3477,המסקנה
3478,שהבית
3479,איננו
3480,חבל
3481,רביעי
3482,כשהנחתי
3483,שמאמצת
3484,מגילת
3485,העצמאות
3486,הצביעה
3487,בהנחייתו
3488,מערערת
3489,וישראליות
3490,להתחתן
3491,המגבלות
3492,הרבנות
3493,ליהודים
3494,ההלכה
3495,מנדט
3496,צריכה
3497,בתי
3498,פרלמנט
3499,לעבור
3500,דרכה
3501,ויש
3502,האירופאי
3503,בשטרסבורג
3504,אך
3505,התחבורה
3506,לשר
3507,שים
3508,כלים
3509,שמתחזים
3510,לאופניים
3511,אופנועים
3512,תחוקק
3513,תיצור
3514,רגולציה
3515,תן
3516,סמכויות
3517,אכיפה
3518,האופניים
3519,החשמליים
3520,טלפון
3521,סלולרי
3522,מהזולים
3523,הזמני
3524,ומיליארד
3525,שסוכם
3526,הכספים
3527,כפשרה
3528,כשכולנו
3529,נכנסה
3530,משוק
3531,משקיעים
3532,באבטלה
3533,נמוכה
3534,כמוה
3535,משנות
3536,עמדה
3537,שישה
3538,האמנון
3539,הקפוא
3540,לקילו
3541,שטייניץ
3542,מדדו
3543,חודשי
3544,התקבלו
3545,בלהגיע
3546,להיפרדות
3547,מהפלסטינים
3548,צדדי
3549,לציונות
3550,הדתית
3551,הצער
3552,היחידים
3553,לעלות
3554,להר
3555,להיפסק
3556,שהמילה
3557,שוויון
3558,מופיעה
3559,שחוקקו
3560,קקל
3561,חברה
3562,משלמת
3563,מיסים
3564,הוביל
3565,להפחתה
3566,חוב
3567,בסדרי
3568,גודל
3569,בשלוש
3570,למשתכן
3571,השפיע
3572,המדד
3573,משוקלל
3574,ירידות
3575,מהארגונים
3576,ששובתים
3577,הארגונים
3578,שקיימים
3579,באותם
3580,סיטואציה
3581,הלמס
3582,משקלל
3583,שידוע
3584,בניקיון
3585,כפיו
3586,קם
3587,והלך
3588,מוקדם
3589,מהשלב
3590,נמצא
3591,הבודדות
3592,ירושה
3593,אינו
3594,עני
3595,האמידים
3596,פורבס
3597,מהנשיאים
3598,בתקופות
3599,סכנה
3600,חקירה
3601,הכהונה
3602,שהוקפאה
3603,ונמשכה
3604,הניב
3605,תוצאות
3606,בהריסת
3607,בתים
3608,אדמה
3609,הוכיח
3610,הבעלות
3611,ההוכחה
3612,וההכרזה
3613,כאדמת
3614,קטעים
3615,להוכיח
3616,אדמת
3617,בבירור
3618,שמגיע
3619,שלח
3620,חיילות
3621,לשדה
3622,הקרב
3623,נידון
3624,בביהמש
3625,פסק
3626,פרויקט
3627,שיקום
3628,קהילות
3629,יהודיות
3630,בהונגריה
3631,פולין
3632,ואוסטריה
3633,אומרות
3634,שהדברים
3635,גורמים
3636,למעשי
3637,אנטישמיות
3638,נגדנו
3639,ממליץ
3640,לנתק
3641,המפלגות
3642,שמתנגדות
3643,לפתרון
3644,בוודאות
3645,מיעוט
3646,מתחלקת
3647,שתומכות
3648,אדישות
3649,לרעיון
3650,והולכות
3651,תבוא
3652,השבוע
3653,שההשקעה
3654,לילד
3655,שמאפשר
3656,חלוט
3657,התקבל
3658,הצבעתי
3659,בעוד
3660,שהנשיא
3661,רובי
3662,ריבלין
3663,השמאל
3664,מרץ
3665,והערבים
3666,בעד
3667,כממונה
3668,השידור
3669,והתבקשתי
3670,הציבורי
3671,קבעתי
3672,תאגיד
3673,שקבעו
3674,קודמיי
3675,ישראלי
3676,שתחנות
3677,הרדיו
3678,תקראנה
3679,קול
3680,תכניות
3681,יעמוד
3682,שחוקקה
3683,מדי
3684,מתים
3685,מיותר
3686,מזיהום
3687,נרכש
3688,שעתיים
3689,נפטרו
3690,מתו
3691,חינם
3692,רוכשים
3693,ביטוח
3694,מכיסם
3695,בשיעור
3696,החמישי
3697,מהסוף
3698,ובמקום
3699,הרביעי
3700,אחיות
3701,קפצה
3702,קדימה
3703,מבין
3704,במאמצי
3705,הסגולה
3706,ליותר
3707,אזרחיות
3708,ואזרחים
3709,ותיקים
3710,מאושפזים
3711,ומיצינו
3712,עבורם
3713,בהיקף
3714,השקיפות
3715,חיונית
3716,למיגור
3717,ואפליה
3718,חלופה
3719,רעיונית
3720,למדיניות
3721,המקרקעין
3722,הפרטה
3723,מקרקעי
3724,שקיפות
3725,ודמוקרטיה
3726,בניהולם
3727,מתאפשר
3728,עיון
3729,בהחלטות
3730,כרוך
3731,בתשלום
3732,ובבקשות
3733,חוזרות
3734,ונשנות
3735,מהממונה
3736,חופש
3737,נוגעות
3738,בדרך
3739,רחב
3740,חוכרים
3741,לפרסמן
3742,שאחזו
3743,הושבעת
3744,במרץ
3745,הגשת
3746,לשינוי
3747,באוקטובר
3748,עובדות
3749,מתווכחים
3750,הנוכחית
3751,עומדת
3752,מהתוצר
3753,שבמדינות
3754,המערב
3755,ראינו
3756,שמספר
3757,תיירים
3758,הוכחתם
3759,שהמהלך
3760,הצבעה
3761,שרצו
3762,היכולת
3763,להשפיע
3764,בחרו
3765,מגוונת
3766,ומצויינת
3767,להפסיק
3768,הטירוף
3769,מתנחלים
3770,בלב
3771,מסובבים
3772,האצבע
3773,שלמה
3774,פתחנו
3775,הלימודים
3776,מחסור
3777,מורים
3778,לאנגלית
3779,ופיזיקה
3780,ועם
3781,הנה
3782,לפניכם
3783,רשימה
3784,חלקית
3785,הישיבות
3786,למעיין
3787,התורני
3788,למימון
3789,נהרי
3790,להבטיח
3791,שילדים
3792,ילמדו
3793,לימודי
3794,ואנגלית
3795,לסמוטריץ
3796,גפני
3797,ומיקי
3798,זוהר
3799,שיצביעו
3800,הבטחת
3801,הכנסה
3802,לאברכים
3803,מבזבז
3804,קניית
3805,מתריע
3806,נאבק
3807,וזועק
3808,המדיניות
3809,הכלכלית
3810,שעשויה
3811,לגרעון
3812,שמצאנו
3813,כשנכנסנו
3814,כלכלי
3815,מיליארדי
3816,החזרנו
3817,הקופה
3818,עודף
3819,הנאמנות
3820,לתרבות
3821,ביחד
3822,ותמר
3823,זנדברג
3824,מרכז
3825,והמחקר
3826,מצביע
3827,שמוניתי
3828,כארבע
3829,חלה
3830,ובהוצאות
3831,המגזר
3832,הממשלתי
3833,תרבות
3834,לרמה
3835,ממוצעת
3836,בהשוואה
3837,מעט
3838,מעליהן
3839,מתקרב
3840,מילארד
3841,לכיתה
3842,חשוב
3843,לפוגג
3844,שנאמר
3845,החודשים
3846,התלמידים
3847,במוסדות
3848,הפטור
3849,שפטורים
3850,מלימודי
3851,ליבה
3852,לתוקף
3853,אמור
3854,מיושם
3855,שותף
3856,ליללות
3857,האבל
3858,פרטנית
3859,הרשתות
3860,להכניס
3861,יחל
3862,במתמטיקה
3863,ובאנגלית
3864,המפתח
3865,להצלחה
3866,לדבר
3867,פתיחת
3868,חנכנו
3869,ספר
3870,גני
3871,חדשים
3872,מולד
3873,הציג
3874,שהתקציב
3875,השנתי
3876,מדע
3877,וטכנולוגיה
3878,שכמעט
3879,מהבניה
3880,הלא
3881,האוכלוסיה
3882,נבנית
3883,במקביל
3884,בצד
3885,אדמות
3886,מניח
3887,שתאפשר
3888,לחברי
3889,הנוספות
3890,הגשתי
3891,לשבעה
3892,להתפצל
3893,מסיעה
3894,לכדי
3895,שהגיש
3896,סיבה
3897,איננה
3898,שארית
3899,אתיופיה
3900,הנותרים
3901,בפעימה
3902,ובאופן
3903,מידיי
3904,וזאת
3905,לאפשר
3906,לאותן
3907,בביתנו
3908,המשותף
3909,שמוביל
3910,לכתבה
3911,שפורסמה
3912,בדה
3913,מרקר
3914,ולפיה
3915,משקיעה
3916,מבכל
3917,בלימודי
3918,דת
3919,ותנך
3920,שמשקיעה
3921,משאבים
3922,לשון
3923,הכתבה
3924,שהדת
3925,מרכיב
3926,בזהותן
3927,טורקיה
3928,בקופות
3929,מעבירות
3930,למכונים
3931,נאלצים
3932,להתקיים
3933,תרומות
3934,ועמותות
3935,ועשרות
3936,ממתינים
3937,לתורים
3938,במכונים
3939,הציבוריים
3940,ארוכים
3941,ליתר
3942,דיוק
3943,והמספר
3944,המיוחד
3945,והמספרים
3946,גדלים
3947,מהעוסקות
3948,בסיעוד
